STT,TÊN SÁCH,TÁC GIẢ,DẠNG SÁCH,THỂ LOẠI,ĐỘ VINTAGE SÁCH (%),GIÁ
1,Đắc nhân tâm,Dale Carnege ,Đơn ,Kỹ năng ,0.9,50000
2,Dạy con làm giàu,Robert T.Kiyosaki, Bộ 13 cuốn,Kỹ năng,0.85,750000
3,Lời từ chối hoàn hảo,William Ury,Đơn,Kỹ năng,0.96,60000
4,Biến mọi thứ thành tiền,Nguyễn Anh Dũng,Bộ 2 tập,Kỹ năng,0.97,180000
5,Tư duy mở,Nguyễn Anh Dũng,Đơn,Kỹ năng,0.98,70000
6,Tư duy ngược,Nguyễn Anh Dũng,Đơn,Kỹ năng,0.97,80000
7,Làm như chơi,Minh Niệm,Đơn,Kỹ năng,0.75,60000
8,Khí chất bao nhiêu hạnh phúc bấy nhiêu,Vãn Tình,Đơn,Kỹ năng - Tâm lý,0.95,60000
9,Bạn đắt giá bao nhiêu?,Vãn Tình,Đơn,Kỹ năng - Tâm lý,0.97,60000
10,Trong đầu có dấu con voi,Kevin Simler & Robin Hanson,Đơn,Tâm lý,0.98,110000
11,Con đường tỷ phú (bìa cứng),Hồi ký Rich Devos,Đơn,Tự truyện - truyền cảm hứng,0.9,90000
12,33 Chiến lược của chiến tranh,Robert Greene,Đơn,Kỹ năng,0.9,120000
13,Tái tạo tổ chức (bìa cứng),Arthur Yeung & Dave Ulrich,Đơn,Kỹ năng,0.97,150000
14,Khắc kỷ - từ Zeno đến Marcus Aurelius,Ryan Holiday & Stephen Hanselman,Đơn,Kỹ năng,0.99,150000
15,21 bài học cho thế kỷ 21,Yuval Noah Harari,Đơn,Kỹ năng,0.95,120000
16,Chiến thắng con quỷ trong bạn,Think and Grow Rich ,Đơn,Kỹ năng,0.75,50000
17,Câu chuyện iphone,Brian Merchant,Đơn,Kỹ năng,0.9,150000
18,Content bạc tỷ ,Diệp Tiểu Ngư ,Đơn ,Kỹ năng,0.9,80000
19,Cách người do thái quản lý tiền và tài sản ,Tiến Thành - Bội Bội - Kiến Văn ,Đơn ,Kỹ năng,0.9,50000
20,36 kế trong kinh doanh hiện đại ,Lan Bercu ,Đơn ,Kỹ năng,0.75,40000
21,Tỷ phú bán giày ,Tony Hsieh ,Đơn ,Kỹ năng,0.75,80000
22,Phù thuỷ content ,Nhất Thiên Quân ,Đơn ,Kỹ năng,0.9,90000
23,Từ tốt đến vĩ đại ,Jim Collins ,Đơn ,Kỹ năng,0.7,50000
24,Finding Flow Đi tìm dòng chảy ,Mihaly Csikszentmihalyi ,Điwn ,Kỹ năng ,0.95,70000
25,9 lần khởi nghiệp ,Nguyễn Phương Nam ,Đơn ,Kỹ năng ,0.9,100000
26,Ước vọng về quốc gia lập trình ,Nguyễn Thanh Tùng ,Đơn ,Kỹ năng ,0.9,40000
27,Làm sếp không chỉ là nghệ thuật ,TS. David J. Lieberman ,Đơn ,Kỹ năng ,0.9,40000
28,Thư bán hàng đỉnh cao,Dan S.Kennedy ,Đơn ,Kỹ năng ,0.8,65000
29,Sói và dương cầm ,Diệp Lạc Vô Tâm,Bộ 2 Tập,Tiểu thuyết - ngôn tình,0.99,120000
30,Không có người như anh ,Tuế Kiến,Bộ 2 Tập,Tiểu thuyết - ngôn tình,0.99,250000
31,Thê Vi Thượng,Lục Dã Thiên Hạc,Bộ 2 Tập,Tiểu thuyết - ngôn tình,0.98,180000
32,Ương ngạnh,Bất Kiến Đương Niên,Bộ 2 Tập,Tiểu thuyết - ngôn tình,0.99,220000
33,Em là vì sao trong mắt anh,Lã Diệc Hàm,Đơn,Tiểu thuyết - ngôn tình,0.99,90000
34,Yêu em bằng cả trái tim anh,Điền Phản,Đơn,Tiểu thuyết - ngôn tình,0.98,75000
35,Bạn trai tôi mắc chứng hoang tưởng,Diệp Tử,Đơn,Tiểu thuyết - ngôn tình,0.99,100000
36,Qúy ngài đinh kiến,Khưu Trì,Đơn,Đam mỹ,0.99,100000
37,Thuyết tán tỉnh cậu,Jitti Rain,Đơn,Đam mỹ,0.98,110000
38,Ảnh đế,Mạn Mạn Kỳ Đà,Bộ 2 Tập,Tiểu thuyết - ngôn tình,0.97,180000
39,Hậu duệ mặt trời,Hyun Kyoung Son,Đơn,Tiểu thuyết - Ngôn tình,0.97,50000
40,Chủ tịch không yêu nữ chính,Thiên Diễn,Bộ 2 tập,Tiểu thuyết- Ngôn tình,0.99,140000
41,Rồi một ngày bạn sẽ hiểu,Mr.Thinker,Đơn,Tiểu thuyết - Ngôn tình,0.96,80000
42,Hãy bù đắp bằng sự kiên trì,Lư Tư Hạo,Đơn,Tiểu thuyết - Ngôn tình,0.97,70000
43,"Không cẩn thận, hoạ lớn rồi",Tuỳ Vũ Nhi An,Đơn,Tiểu thuyết - Ngôn tình,0.99,90000
44,Ông xã anh là ai,Vi Lộ Trần Hi,Đơn,Tiểu thuyết - Ngôn tình,0.99,70000
45,Xin em đứng đắn chút,Minh Nguyệt Thính Phong,Bộ 2 tập,Tiểu thuyết - Ngôn tình,0.99,160000
46,"Mập đẹp, béo dễ thương",Cửu Lộ Phi Hương,Đơn,Tiểu thuyết - Ngôn tình,0.99,100000
47,Em xấu vừa đúng kiểu anh thích ,Nam Hữu Tiên Sinh,Đơn,Tiểu thuyết - Ngôn Tình,0.97,70000
48,Chúc ngủ ngon rồi lại nhớ anh hơn,Alan Chen,Đơn,Tiểu thuyết - Ngôn tình,0.96,90000
49,Hồng nhan loạn ,Nguyệt Lạc,Bộ 2 tập,Tiểu thuyết - Ngôn tình,0.96,130.000)
50,Bạn trai tôi mắc chứng hoang tưởng,Khang Diệp dịch,Đơn,Tiểu thuyết - Ngôn tình,0.98,100000
51,Năm tháng là đoá lưỡng sinh hoa,Nguyễn Thị Thuý Ngọc dịch,Đơn,Tiểu thuyết - Ngôn tình,0.96,85000
52,Thời gian tươi đẹp,Đinh Mặc,Đơn,Tiểu thuyết - Ngôn tình,0.94,70000
53,Nhật ký thất lạc,Douglas Carlton Abrams,Đơn,Tiểu thuyết - Ngôn tình,0.94,60000
54,Em đừng mong chúng ta là người dưng,Duy Hoà Tống Tử,Đơn,Tiểu thuyết - Ngôn tình,0.5,55000
55,Gửi thời đơn thuần đẹp đẽ của chúng ta,Triệu Kiền Kiền,Bộ 2 tập,Tiểu thuyết - Ngôn tình,0.99,120000
56,Đánh thức miền yêu,Ức Cẩm ,Đơn,Tiểu thuyết - Ngôn tình,0.99,75000
57,Yêu em từ cái nhìn đầu tiên,Cố Mạn,Đơn,Tiểu thuyết - Ngôn tình,0.97,80000
58,Và thế là anh đợi em suốt một thâp kỷ,Cửu Nguyệt Hi,Đơn,Tiểu thuyết - Ngôn tình,0.94,75000
59,Anh giả vờ sẽ không yêu em,Vương Thanh Tâm dịch,Đơn,Tiểu thuyết ngôn tình,0.97,95000
60,Lực cơ học của tình yêu,Điền Phản,Bộ 2 tập,Tiểu thuyết - Ngôn tình,0.99,150000
61,Hồ ly biết yêu,Diệp Lạc Vô Tâm,Đơn,Tiểu thuyết - Ngôn tình,0.97,75000
62,Hay là mình chung sống,Hồng Cửu ,Bộ 2 tập,Tiểu thuyết - Ngôn tình ,0.96,175000
63,Không kịp nói yêu em,Phỉ Ngã Tư Tồn,Đơn,Tiểu thuyết - Ngôn tình,0.96,80000
64,Bữa trưa tình yêu,Cố Mạn,Đơn,Tiểu thuyết- Ngôn tình,0.95,70000
65,Ai hiểu được lòng em ,Lục Xu,Đơn,Tiểu thuyết - Ngôn tình,0.85,80000
66,Xin được bên em thêm lần nữa,Atsushi Matsuhisa,Đơn,Tiểu thuyết - Ngôn tình,0.85,40000
67,Tôi thích một cô gái nhưng chẳng dám ngỏ lời,Yuruka Morisaki,Bộ 2 tập,Tiểu thuyết - Ngôn tình,0.9,100000
68,Cá mực hầm mật,Mặc Bảo Phi Bảo,Đơn,Tiểu thuyết - Ngôn tình,0.7,80000
69,Cô vợ hồ ly ngốc nghếch,Kính Trung Ảnh,Đơn,Tiểu thuyết - Ngôn tình,0.75,85000
70,"Rất nhớ, rất nhớ anh",Mặc Bảo Phi Bảo,Đơn,Tiểu thuyết - Ngôn tình,0.6,60000
71,Gặp ai giữa ngã rẽ tình yêu ,Diệp Tử,Đơn ,Tiểu Thuyết - Ngôn tình,0.65,75000
72,Thất tịch không mưa,Lâu Vũ Tình,Đơn,Tiểu thuyết - Ngôn tình,0.9,70000
73,Quái đàm ,Lafcadio Hearn,Đơn ,Kinh dị - Trinh thám,0.9,60000
74,Thiên thần và ác quỷ,Dan Brown ,Đơn ,Kinh dị - Trinh thám,0.95,120000
75,Vật chứa linh hồn ,Frances Hardinge,Đơn ,Kinh dị - Trinh thám,0.95,150000
76,Truyện ma ,M.r. James,Đơn ,Kinh dị - Trinh thám,0.95,100000
77,Sổ tay nhà thôi miên ,Cao Minh ,Đơn ,Kinh dị - Trinh thám,0.95,80000
78,Đứng trong bóng tối ,Shannon McKenna,Đơn ,Kinh dị - Trinh thám,0.85,80000
79,Bí ẩn phố âm dương ,Hà Mạc Bì ,Đơn ,Kinh dị - Trinh thám,0.97,110000
80,Tổng đài kể chuyện lúc 0H ,Emma Ha My ,Đơn ,Kinh dị - Trinh thám,0.99,125000
81,Vong hồn ,Trường Lê ,Đơn ,Kinh dị - Trinh thám,0.98,90000
82,Chơi ngải ,Vương Thịnh ,Đơn ,Kinh dị - Trinh thám,0.97,90000
83,Hồ sơ số 113,Émile Gaboriau,Đơn,Kinh dị - Trinh thám,0.85,65000
84,Tiếng thét câm lặng,Angela Marsons,Đơn ,Kinh dị - Trinh thám,0.8,70000
85,Kẻ ác cạnh bên ,Tiến sĩ Martha Stout ,Đơn ,Kinh dị - Trinh thám,0.9,60000
86,Muôn kiếp nhân sinh ,Nguyên Phong ,Bộ 2 tập ,Triết học - Chữa lành ,0.9,220000
87,Lén nhặt chuyện đời ,Mộc Trầm ,Đơn ,Triết học - Chữa lành ,1.0,60000
88,Bơ đi mà sống ,Minh Châu Books ,Đơn ,Triết học - Chữa lành ,0.7,35000
89,Bàn tay cũng là hoa ,Thích Nhất Hạnh ,Đơn ,Triết học - Chữa lành ,0.8,50000
90,Hạnh phúc cầm tay ,Thích Nhất Hạnh ,Đơn ,Triết học - Chữa lành ,0.9,55000
91,Soi mình trong thế giới muôn hình ,Tiên Alien ,Đơn ,Triết học - Chữa lành ,0.9,55000
92,Thả trôi phiền muộn ,Suối thông ,Đơn ,Triết học - Chữa lành ,0.9,70000
93,"Đừng cúi đầu mà khóc, hãy ngẩng đầu mà đi ",Lư Tư Hạo,Đơn ,Triết học - Chữa lành ,0.9,70000
94,Đợi đi vết thương nào rồi cũng lành ,Lư Tư Hạo,Đơn ,Triết học - Chữa lành ,0.9,70000
95,"Mong bạn trải qua giông bão, quay về vẫn là thiếu niên ",Tằng Khải ,Đơn ,Triết học - Chữa lành ,0.85,50000
96,Nếu biết trăm năm là hữu hạn ,Phạm Lữ Ân ,Đơn ,Triết học - Chữa lành ,0.6,50000
97,Hạnh phúc tại tâm ,Osho,Đơn ,Triết học - Chữa lành ,0.9,60000
98,Những cuốn sách tôi yêu ,Osho,Đơn ,Triết học - Chữa lành ,0.9,80000
99,Yêu,Osho,Đơn ,Triết học - Chữa lành ,0.9,100000
100,Thân mật: cội nguồn của hạnh phúc ,Osho,Đơn ,Triết học - Chữa lành ,0.8,70000
101,Can đảm biến thách thức thành sức mạnh ,Osho,Đơn ,Triết học - Chữa lành ,0.75,70000
102,Phụ nữ ,Osho,Đơn ,Triết học - Chữa lành ,0.9,80000
103,Đàn ông ,Osho,Đơn ,Triết học - Chữa lành ,0.9,90000
104,Từ thuốc tới thiền ,Osho,Đơn ,Triết học - Chữa lành ,0.85,80000
105,Suy ngẫm: Đầu tiên vào buổi sáng,Osho,Đơn ,Triết học - Chữa lành ,0.9,110000
106,Suy ngẫm: Cuối cùng vào buổi tối ,Osho,Đơn ,Triết học - Chữa lành ,0.9,110000
107,Cứ bình yên rồi sẽ an yên ,Shunmyo Masuno,Đơn ,Triết học - Chữa lành ,0.9,65000
108,Ngẫm ,Việt An Khương ,Đơn ,Triết học - Chữa lành ,0.9,40000
109,Hãy khiến tương lai biết ơn vì hiện tại bạn đã cố gắng hết mình ,Bạch Tô ,Đơn ,Triết học - Chữa lành ,0.9,70000
110,Ngày hôm nay hãy sống thật với trái tim mình ,Yataro Matsuura,Đơn ,Triết học - Chữa lành ,0.9,70000
