product_id,title,authors,original_price,current_price,quantity,category,n_review,avg_rating,pages,manufacturer,cover_link,summary,content
274759180,Đắc Nhân Tâm (Dale Carnegie) - Omega,Dale Carnegie,86000,86000,1,Sách tiếng Việt,0,0.0,368,,https://salt.tikicdn.com/cache/280x280/ts/product/e2/5f/61/7f04eb077d5a2e8b6e74967b0241d8af.png,"ĐẮC NHÂN TÂM 
 Tác giả: Dale Carnegie  
 Dịch giả: Lê Minh Ngọc 
 BTV thực hiện: Hương Nguyễn - Hồng Ngọc 
   
 NỘI DUNG CHÍNH 
 Một trong những cuốn sách thay đổi cuộc đời hàng triệu người trên thế giới 
 Đây là phiên bản được dịch từ phiên bản  “How to Win Friends and Influence People”  do nhà xuất bản Simon and Schuster xuất bản lần đầu tiên năm 1936. 
 “Đắc nhân tâm”  là cuốn sách được lan tỏa rộng rãi và có sức ảnh hưởng vô cùng lớn, giúp thay đổi cuộc đời hàng triệu người trên thế giới. Đâ...",
178944420,Combo Dạy Con Làm Giàu - Robert T. Kiyosaki - Trọn Bộ 13 Tập,Robert T.Kiyosaki,1480000,1480000,0,Sách khởi nghiệp,0,0.0,0,,https://salt.tikicdn.com/cache/280x280/ts/product/3f/1e/f6/fcdfe88bb86abbd96c26cb5ac78b222b.jpg,"Mời các bạn đón đọc trọn bộ 13 tập  Dạy Con Làm Giàu  của tác giả     : Giá sản phẩm trên Tiki đã bao gồm thuế theo luật hiện hành. Bên cạnh đó, tuỳ vào loại sản phẩm, hình thức và địa chỉ giao hàng mà có thể phát sinh thêm chi phí khác như phí vận chuyển, phụ phí hàng cồng kềnh, thuế nhập khẩu (đối với đơn hàng giao từ nước ngoài có giá trị trên 1 triệu đồng).....",
273896962,Lời Từ Chối Hoàn Hảo,,139000,107000,94,Sách tiếng Việt,6,4.7,306,,https://salt.tikicdn.com/cache/280x280/ts/product/0b/ec/01/b0c89ddb0b0ae78dc377eb52b15295db.png,"Lời Từ Chối Hoàn Hảo 
 Trong cuộc sống luôn tồn tại nghịch lý: càng có nhiều càng thấy thiếu. Càng làm được việc lại càng được giao thêm việc, giúp được nhiều người lại càng bị nhờ nhiều hơn, càng mua nhiều đồ càng muốn mua nhiều hơn,… Và càng ngày ta càng bị nghịch lý này đày đọa, càng phát triển ta càng vất vả, đau khổ và áy náy. Chúng ta quá coi trọng học “thêm” mà lại quên mất học “bớt”. 
 Chúng ta nói Có với quá nhiều việc tốt, rồi cuối cùng không làm tốt việc nào. Chúng ta cố gắng làm hài ...",ok
196726736,Biến Mọi Thứ Thành Tiền - Make Money - Nguyễn Anh Dũng,Nguyễn Anh Dũng,138000,99000,414,Sách tiếng Việt,39,4.3,288,,https://salt.tikicdn.com/cache/280x280/ts/product/f8/70/2e/a0f65c6588dcaebd37706300f32e5d42.jpg,"Biến Mọi Thứ Thành Tiền - Make Money - Nguyễn Anh Dũng 
 Bí quyết giúp bạn thoát nghèo để đạt được thành công và giàu có thực sự  “Biến mọi thứ thành tiền”  là cuốn sách xoay quanh chủ đề tài chính cá nhân. Đây là vấn đề đang được nhiều người, trong đó có các bạn trẻ đặc biệt quan tâm. Cuốn sách định hướng người đọc về cách kiếm tiền, tư duy làm giàu, cách áp dụng những phương pháp làm giàu vào cuộc sống và phát triển bản thân. 
 
 Bí quyết giúp bạn thoát nghèo để đạt được thành công và giàu có ...","Một quyển sách rất tệ, như được viết bằng AI, hoặc kiểu sách thị trường, tổng hợp trên mạng. Đưa ra một mớ chủ đề, nhưng không giải quyết bất cứ 1 chủ đề nào cả. ||| Khen cho tên sách, tên sách đã tạo nên sự hấp dẫn người đọc khi chưa đọc nó. Cũng khen cho người viết trẻ của Việt Nam. Nội dung sách không quá đặc biệt. Đọc ủng hộ tác giả. ||| sách rác!!! nội dung chả có tí nào chất xám, phí tiền ||| Sách mới, giá tốt đóng gói cẩn thận nội dung chưa đọc nên chưa biết ||| In chữ to như con voi, mục đích bán giấy chứ không phải bán chữ. Mà thật vậy, nội dung nghèo nàn, không có chút giá trị gì."
271613423,Sách - Tư Duy Mở (Nguyễn Anh Dũng) - SBOOKS, Nguyễn Anh Dũng,138000,99000,323,Sách tư duy - Kỹ năng sống,18,5.0,208,,https://salt.tikicdn.com/cache/280x280/ts/product/37/8b/4c/6c367f743128d01a27a46988682ca885.png,"THÔNG TIN TÁC PHẨM 
 
 Tên tác phẩm: Tư Duy Mở 
 Tác giả: Nguyễn Anh Dũng 
 Thương Hiệu: Sbooks 
 Nhà xuất bản: NXB Dân Trí 
 Năm xuất bản: 2023 
 Loại bìa: Bìa mềm 
 Khổ: 13x20 cm 
 Số trang: 208 
 ISBN: 9786044742250 
 
 _________________________________ 
 GIỚI THIỆU TÁC PHẨM 
 
 Con người đang sống trong thời đại công nghệ, khi mọi thứ thay đổi chóng mặt, điều đó đòi hỏi chúng ta phải linh hoạt trong cách tư duy để bắt kịp xu hướng toàn cầu. Hay nói cách khác, chúng ta cần có một tư duy mở để...",
275280044,Tư Duy Ngược - Nguyễn Anh Dũng, Nguyễn Anh Dũng,139000,139000,152,Sách tiếng Việt,5,4.8,214,,https://salt.tikicdn.com/cache/280x280/ts/product/9a/54/c9/6e636512555f6d22ca7a879bfbf637d2.jpg,"Tư Duy Ngược 
 GIỚI THIỆU SÁCH: 
 Chúng ta thực sự có hạnh phúc không? Chúng ta có đang sống cuộc đời mình không? Chúng ta có dám dũng cảm chiến thắng mọi khuôn mẫu, định kiến, đi ngược đám đông để khẳng định bản sắc riêng của mình không? Có bao giờ bạn tự hỏi như thế, rồi có câu trả lời cho chính mình? 
 
 Tôi biết biết, không phải ai cũng đang sống cuộc đời của mình, không phải ai cũng dám vượt qua mọi lối mòn để sáng tạo và thành công… Dựa trên việc nghiên cứu, tìm hiểu, chắt lọc, tìm kiếm, g...",
101695025,"Làm Ra Làm, Chơi Ra Chơi (Tái bản 2021)",Cal Newport,159000,122000,9,Sách tư duy - Kỹ năng sống,0,0.0,0,,https://salt.tikicdn.com/cache/280x280/ts/product/5a/27/55/bd9c62e76f715a51c1fa481c4bdff4f5.png,"Giới thiệu Làm Ra Làm, Chơi Ra Chơi 
 Đã bao giờ bạn ngồi xuống để làm việc và sau đó, không hề nhận ra mình lại kết thúc bằng việc dành một (vài) tiếng đồng hồ lướt mạng xã hội, tin tức? Tất cả chúng ta đều đã từng làm vậy. Có vẻ như có quá nhiều thứ lôi kéo sự chú ý của chúng ta trong thời đại này, nên rất khó để thậm chí đạt đến trạng thái tinh thần giúp hoàn thành công việc một cách tốt nhất. Trong Làm ra làm chơi ra chơi, tác giả Cal Newport nhấn mạnh chủ đề “làm việc sâu” (deep work) đang ...",
144250329,"Combo Tuyển Tập Sách Vãn Tình: Không Sợ Chậm Chỉ Sợ Dừng + Lấy Tình Thâm Mà Đổi Đầu Bạc + Không Tự Khinh Bỉ Không Tự Phí Hoài + Khí Chất Bao Nhiêu, Hạnh Phúc Bấy Nhiêu + Bạn Đắt Giá Bao Nhiêu? (Bộ 5 Cuốn)", Vãn Tình,655000,524000,17,Sách tư duy - Kỹ năng sống,1,5.0,0,,https://salt.tikicdn.com/cache/280x280/ts/product/ef/b4/12/2c8336788a304248aec4dd7b336919e2.jpg,"Bao bì sản phẩm thay đổi theo từng đợt nhập hàng 
 Sổ tay ngẫu nhiên 
 1.  “Nhiều người không hiểu được vì sao một số người lại có thể sống kỷ luật như vậy. Rốt cuộc làm thế nào để họ có thể duy trì được nếp sống như thế? Họ có bí quyết gì không? Thật ra tất cả những người có thể sống tự giác và kỷ luật đều chỉ có một lý do: Họ đã được nếm thử ‘trái ngọt’ mà sự kỷ luật đó mang lại!” Vãn Tình được coi như “nữ hoàng” của dòng sách cảm hứng dành cho phái nữ và từng tạo nên một làn sóng thay đổi tư ...","Ok sách hay, gói đẹp can than"
144250329,"Combo Tuyển Tập Sách Vãn Tình: Không Sợ Chậm Chỉ Sợ Dừng + Lấy Tình Thâm Mà Đổi Đầu Bạc + Không Tự Khinh Bỉ Không Tự Phí Hoài + Khí Chất Bao Nhiêu, Hạnh Phúc Bấy Nhiêu + Bạn Đắt Giá Bao Nhiêu? (Bộ 5 Cuốn)", Vãn Tình,655000,524000,17,Sách tư duy - Kỹ năng sống,1,5.0,0,,https://salt.tikicdn.com/cache/280x280/ts/product/ef/b4/12/2c8336788a304248aec4dd7b336919e2.jpg,"Bao bì sản phẩm thay đổi theo từng đợt nhập hàng 
 Sổ tay ngẫu nhiên 
 1.  “Nhiều người không hiểu được vì sao một số người lại có thể sống kỷ luật như vậy. Rốt cuộc làm thế nào để họ có thể duy trì được nếp sống như thế? Họ có bí quyết gì không? Thật ra tất cả những người có thể sống tự giác và kỷ luật đều chỉ có một lý do: Họ đã được nếm thử ‘trái ngọt’ mà sự kỷ luật đó mang lại!” Vãn Tình được coi như “nữ hoàng” của dòng sách cảm hứng dành cho phái nữ và từng tạo nên một làn sóng thay đổi tư ...","Ok sách hay, gói đẹp can than"
274844704,Sách Trong Đầu Có Giấu Con Voi,"Robin Hanson, Kevin Simler",215000,146100,583,Sách tư duy - Kỹ năng sống,22,4.7,523,,https://salt.tikicdn.com/cache/280x280/ts/product/e2/09/c8/da90d95ee0a1124c6ce4ed099d1e69b3.jpg,"Nội dung giới thiệu cuốn ""Trong đầu có giấu con voi"": 
 Con người là loài động vật đầy toan tính. Bộ não của chúng ta được thiết kế không phải chỉ để săn bắt và hái lượm, mà còn để đạt được thứ bậc cao trong xã hội, thông qua việc lừa dối và tự lừa dối. Mặc dù ai cũng làm mọi thứ vì lợi ích cá nhân, xã hội của chúng ta lại có một luật bất thành văn là ""Tốt nhất hãy cứ vờ như không thấy, không biết những động cơ không mấy tốt đẹp mà ai cũng có ấy đi"". Như thể  giấu hẳn trong một con voi trong đầu...","Cực kỳ hài lòng
Sản phẩm có chất lượng đúng như mô tả, đóng gói chắc chắn, rất đáng tiền, giao hàng nhanh. 
P/s: Không có thời gian chụp hình nên mình lấy đỡ hình trên mạng up ||| Sách hay. Xứng đáng 5sao. Có nhiều kiến thức đa ngành và hữu ích trong việc tìm hiểu bản thân và người khác. Cũng như xã hội. ||| Sách có vẻ cũ như đã bị dùng qua. ||| Sách mình mua bị lỗi thiếu trang từ (349-364). ||| Ok. Sách dầy đẹp chất lượng giấy"
254093344,Hồi Ký Rich DeVos Con Đường Tỷ Phú ( Bìa Cứng) - Bản Quyền,,268000,241000,0,Tiểu sử - Hồi ký,0,0.0,0,,https://salt.tikicdn.com/cache/280x280/ts/product/7c/ff/39/63bb126498d4022093bb57895b0f6dad.jpg,"Tác Giả: Rich DeVos
    Công ty phát hành: FirstNews - Trí Việt
    Ngày phát hành: 2020
    Số trang: 312
    Kích thước: 16 x 24 cm
    NXB: NXB Thanh Niên
    Giá bìa: 268.000 VND
    Loại Bìa: Bìa cứng
    Mô tả sản phẩm:
    HỒI KÝ RICH DEVOS - CON ĐƯỜNG TỶ PHÚ
    Trở thành tỷ phú nhờ bán hàng kiểu Mỹ
   
  First News vừa hoàn tất hợp đồng chuyển giao bản quyền với Howard Books, một chi nhánh của Simon & Schuster, Hoa Kỳ và xuất bản cuốn hồi ký Con Đường Tỷ Phú của Rich DeVos - một trong h...",
173985476,33 chiến lược của chiến tranh (Robert Greene) _BOOKCITY,,215000,193500,0,Sách kinh tế học - khác,0,0.0,586,,https://salt.tikicdn.com/cache/280x280/ts/product/ae/f6/bf/2a760716d8f2c2d0fe850b82cf83b4bb.jpg,"33 Chiến Lược Của Chiến Tranh 
 Bao quát nhiều nền văn minh thế giới, tóm lược lịch sử hàng ngàn năm xung đột, tập hợp những nguyên tắc quân sự hiệu quả và thiên tài bậc nhất, 33 Chiến lược chiến tranh là bản hướng dẫn đầy đủ, chi tiết giúp bạn sống sót trong cuộc chiến xã hội diễn ra hằng ngày. Các chiến lược tấn công giúp bạn luôn dẫn thế thượng phong và thương lượng từ điểm mạnh của mình, chiến lược phòng thủ giúp bạn phản ứng với các tình huống nguy hiểm và tránh những cuộc chiến không thể c...",
258571145,Tái tạo tổ chức (bản đầy đủ) - Bản Quyền,,350000,315000,0,Root,0,0.0,0,,https://salt.tikicdn.com/cache/280x280/ts/product/22/bd/94/d15b86bb21e7027db06e2ca3124b5da9.jpg,"TÁI TẠO TỔ CHỨC – PHIÊN BẢN ĐẦY ĐỦ
     Đâu là mô hình tổ chức cấp tiến nhất?
     Theo nhiều học giả, giải pháp nằm ở cách quản lý sáng suốt hơn, nhưng bấy nhiêu vẫn chưa đủ. Chúng ta cần các nhà lãnh đạo khai sáng, và hơn hết là một cấu trúc và cách thực hành của một tổ chức khai sáng. Nhưng tổ chức khai sáng là như thế nào?
     Các tổ chức tiên phong được nghiên cứu trong cuốn sách Tái Tạo Tổ Chức (Phiên bản đầy đủ) mặc dù hoạt động trong các lĩnh vực, vùng địa lý khác nhau và không hề biết ...",
213855971,Khắc Kỷ - Từ Zeno Đến Marcus Aurelius,"Ryan Holiday,  Stephen Hanselman",219000,219000,3,Triết Học phương Tây,0,0.0,0,,https://salt.tikicdn.com/cache/280x280/ts/product/51/83/00/463ab120730b5f47bccca242aa7c7027.jpg,"Lý do duy nhất cho việc học triết học là để trở thành một con người tốt hơn. Mọi lý do khác, như Nietzsche đã nói, chỉ là “những phê phán từ ngữ bằng những từ ngữ khác”. 
 Không có trường phái triết học nào lại tin vào luận điểm này – tức là việc thực quan trọng hơn ý tưởng – hơn là Trường phái Khắc kỷ, một trường phái triết học Hy Lạp cổ đại ra đời từ thế kỷ thứ III trước Công Nguyên. 
 Khác với những triết gia bàn giấy khác, trường phái Khắc kỷ quan tâm hơn tới việc ta sống ra sao. Họ quan tâm...",
277981960,Sách - 21 Bài Học Cho Thế Kỷ 21 (Yuval Noah Harari),Yuval Noah Harari,209000,188100,2,Sách tư duy - Kỹ năng sống,0,0.0,434,,https://salt.tikicdn.com/cache/280x280/ts/product/6a/7d/2d/60e5e0aef2beb179615edbabdce20896.jpg,"21 Bài Học Cho Thế Kỷ 21 
 Tác giả: Yuval Noah Harari 
 Công ty phát hành: Nhã Nam 
 Nhà xuất bản: NXB Thế Giới 
 Năm xuất bản: 2019 
 Số trang: 434 
   
 Giới thiệu về sách 21 Bài Học Cho Thế Kỷ 21 
 21 Bài Học Cho Thế Kỷ 21 của Yuval Noah Harari là tác phẩm tiếp nối hai cuốn sách nổi tiếng *Sapiens* và *Homo Deus*, tập trung vào các vấn đề “ngay tại đây” và “ngay lúc này” của xã hội loài người. Cuốn sách phân tích sâu sắc những thách thức hiện đại như công nghệ đột phá, khủng hoảng sinh thái, ...",
34445751,Combo 13 Nguyên Tắc Nghĩ Giàu Làm Giàu - Think And Grow Rich và Chiến Thắng Con Quỷ Trong Bạn( Tặng Kèm Sổ Tay Xương Rồng),Napoleon Hill,254000,215900,191,Sách tiếng Việt,30,4.7,0,,https://salt.tikicdn.com/cache/280x280/ts/product/59/f2/97/aa80f4d14f935e9567e4f44e6017d7fb.jpg,"Combo 13 Nguyên Tắc Nghĩ Giàu Làm Giàu - Think And Grow Rich và Chiến Thắng Con Quỷ Trong Bạn( Tặng Kèm Sổ Tay Xương Rồng) 
 Bản đặc biệt tặng kèm sổ tay xương rồng, mẫu ngẫu nhiên ( 1 trong 4 mẫu như hình ) và số lượng có hạn. 
 13 Nguyên Tắc Nghĩ Giàu Làm Giàu  là cuốn sách “chỉ dẫn” duy nhất chỉ ra những nguồn lực bạn phải có để thành công. Cuốn sách sẽ giúp bạn trở nên giàu có, làm giàu thêm cho cuộc sống của bạn trên tất cả các phương diện của cuộc sống chứ không chỉ về tài chính và vật chấ...","Sách chất lượng, giao đúng hẹn, gói cẩn thận kĩ lưỡng ||| Nội dung sách vô cùng thiết thực, dễ hiểu, dễ áp dụng VÀ cũng rất hữu ích, mỗi lần đọc là một lần thấy mới mẻ. Mình nghĩ bạn trẻ nào cũng nên đọc hai cuốn sách này ít nhất một lần. ||| Sách rất hay nên có trong tủ sách gia đình. Kể cả cho bé đọc. ||| Mình vừa nhận được sách và nó đã gặp trình trạng này rồi. Mình ko hài lòng và mong nhận được sự hồi đáp của Tiki."
2069337,Sách Câu Chuyện Iphone,Brian Merchant,279000,211100,817,Sách tiếng Việt,14,3.7,0,,https://salt.tikicdn.com/cache/280x280/ts/product/a8/b5/24/4f0a7e07709b1e2e321fa9e5c9aa9591.jpg,"Câu Chuyện Iphone 
 Câu chuyện iPhone là một cẩm nang cho những thiên tài về thiết kế và kỹ thuật, một học thuyết về nhân loại của thế giới hiện đại, và là một cái nhìn chưa từng có tiền lệ về một trong những công ty bí mật nhất trong lịch sử. Đây chính là một bản báo cáo chưa được tiết lộ, trong 10 năm sáng chế của một thiết bị đã làm thay đổi mọi thứ trên thế giới này. 
 Để lần ra dấu vết lịch sử của chiếc điện thoại iPhone, Brian Merchant – tác giả của quyển sách đã đi đến nhiều lục địa khác ...","Nội dung sách hay ||| SÁCH RẤT HAY . Kể về lịch sử ra đời Iphone rất chi tiết . Sách dày dặn . Tiki đóng gói kĩ sách rất mới và đẹp . Sẽ tiếp tục ủng hộ nhiều nhiều ||| Trước khi mua mình đã đọc nhận xét của mọi người đều phàn nàn khá nhiều vấn đề ngoại hình của sách, tuy nhiên đúng hôm giảm giá 70% nên tặc lưỡi mua. Kết quả là cuốn của mình cũng trong tình trạng tương tự, bìa bị bẩn cũ phải dùng giẻ lau mãi (còn các mép trang sách bị bẩn thì không lau nổi). Nội dung mình chưa đọc nên không có đánh giá. ||| Đây là quyển sách cực kỳ hay không chỉ dành cho những bạn yêu thích Iphone mà cho tất cả những bạn trẻ đam mê cái hay của cuộc sống, những điều xuất phát từ quá trình say mê lao động. Sách bìa cứng, giấy màu ngà chống mỏi mắt, chất lượng giấy tốt, chữ rõ ràng.
Tiki giao hàng nhanh, đóng gói cẩn thận. Mình rất hài lòng!"
277240822,Sách - Content Bạc Tỷ - Diệp Tiểu Ngư - 1980 Books,,179000,179000,0,Sách tiếng Việt,0,0.0,0,,https://salt.tikicdn.com/cache/280x280/ts/product/94/73/c1/f005d56fdf711fb4207bf55388136bc2.jpg,"Sách - Content Bạc Tỷ 
 Kinh doanh muốn phát triển lâu dài thì content phải có hiệu quả. Content hiệu quả là content có thể hái ra tiền. Rất nhiều content được chú trọng từng câu chữ với những câu văn bay bổng nhưng lại không thể mang lại hấp dẫn đối với người đọc. Viết content cũng giống việc móc nối các thông tin lại với nhau, “Content Bạc Tỷ” sẽ chỉ ra cho bạn 4 bước cụ thể để xây dựng chiến dịch viết một bài quảng cáo chuyên nghiệp: “Nói những gì – Nói với ai – Nói ở đâu – Nói thế nào”. Nói ...",
247884821,Sách Cách Người Do Thái Quản Lý Tiền và Tài Sản,Tiến Thành,95000,73000,117,Quản lý tài sản,11,5.0,216,,https://salt.tikicdn.com/cache/280x280/ts/product/97/44/87/5a742743d26c597205bd79b61298e7b5.jpg,"“Tiền của thế giới nằm trong tay người Mỹ, nhưng tiền của người Mỹ lại nằm trong túi người Do Thái”. Đó là lời khen ngợi, tán dương dành cho trí tuệ phi thường của người Do Thái.  
 Qua mấy nghìn năm được rèn giũa trong môi trường kinh doanh cạnh tranh khốc liệt, người Do Thái đã rút ra cho mình những bài học kinh nghiệm về cách làm giàu; cách quản lý tiền, tài sản; và cả cách sử dụng tiền độc đáo so với các dân tộc khác. Họ quan niệm tiền và trí tuệ có quan hệ mật thiết với nhau: trí tuệ phải t...",Chất lượng hàng+ Chất lượng phục vụ+ Giao diện website
55829941,Combo Hành Trình Khám Phá Và Chinh Phục Dịch Vụ Kinh Doanh: Nâng Tầm Dịch Vụ + 36 Kế Trong Kinh Doanh Hiện Đại (Tái Bản) Của Lan Bercu ( Nghệ Thuật Quản Trị Kinh Doanh Thời Đại Mới),,265000,239000,0,Sách tiếng Việt,0,0.0,0,,https://salt.tikicdn.com/cache/280x280/ts/product/d3/c6/6a/181c1c8a49cfa2bf50f75e97a91308ee.jpg,"Combo Hành Trình Khám Phá Và Chinh Phục Dịch Vụ Kinh Doanh: Nâng Tầm Dịch Vụ + 36 Kế Trong Kinh Doanh Hiện Đại (Tái Bản) Của Lan Bercu ( Nghệ Thuật Quản Trị Kinh Doanh Thời Đại Mới) 
 1. Nâng Tầm Dịch Vụ  
   
 Cuốn sách tiết lộ sức mạnh của việc cung cấp dịch vụ nâng tầm và các bước đi mà người làm dịch vụ có thể áp dụng nhằm xây dựng văn hóa dịch vụ bền vững, có thể phát huy hiệu quả hàng ngày. Cuốn sách cũng trả lời rất nhiều câu hỏi về quá trình thúc đẩy dịch vụ liên tục và xóa đi những quan...",
167613602,Tony Hsieh - Tỷ Phú Bán Giày,,159000,143000,1,Sách hướng nghiệp,0,0.0,0,,https://salt.tikicdn.com/cache/280x280/ts/product/45/af/07/2d74aee8bceb1dfabae29e3776610c44.jpg,"Mã hàng 
 8935251417807 
 
 
 Tên Nhà Cung Cấp 
 Alpha Books 
 
 
 Tác giả 
 Tony Hsieh 
 
 
 Người Dịch 
 Hoàng Thị Minh Hiếu 
 
 
 NXB 
 NXB Công Thương 
 
 
 Năm XB 
 2021 
 
 
 Trọng lượng (gr) 
 250 
 
 
 Kích Thước Bao Bì 
 20.5 x 13 cm 
 
 
 Số trang 
 367 
 
 
 Hình thức 
 Bìa Mềm 
 
 
 
 Tỷ Phú Bán Giày không phải là một cuốn sách dạy cách làm giàu tuần tự theo các bước 1 - 2 - 3, cũng không hẳn là một cuốn sách chỉ dẫn bí quyết kinh doanh hay nghệ thuật quản lý. Là hành trình tìm ra ch...",
193439378,Sách Phù Thủy Content,Melanie Deziel,135000,101800,300,Sách kỹ năng làm việc,21,5.0,214,,https://salt.tikicdn.com/cache/280x280/ts/product/1c/56/16/3a5ba5aec3ac198da9be00cb964b863a.jpg,"PHÙ THỦY CONTENT  
 Làm thế nào để ý tưởng luôn bất tận, độc đáo và chất lượng cao? 
 Công thức vàng cho việc tìm kiếm ý tưởng 
 Sáng tạo nội dung đòi hỏi bạn làm rất nhiều việc với sự nhất quán cao để có thể đạt được thành công. Lập kế hoạch thì quan trọng nhưng biết mình nên bắt đầu từ đâu mới là thách thức. Melanie Deziel đã giải quyết tất cả những điều đó cho bạn trong Phù Thủy Content. 
 Mỗi ngày, hơn 500.000 trang web mới ra đời. Mỗi phút, hàng trăm video dài hàng tiếng đồng hồ được tải lê...","Sách rất đẹp , bìa mềm, Tiki đóng hàng cẩn thận , sách có vẻ hay ||| Sách nội dung rõ ràng, gồm các phương pháp hiện tại đang được thực hiện😊😋🎶 ||| Sách ok trong việc đóng gói khung trong việc sản xuất content nói chung. Mình dễ chia thành đa dạng content để triển khai ||| Sách in đẹp, cầm nhẹ tay, đóng gói cẩn thận"
250251718,Từ Tốt Đến Vĩ Đại - Jim Collins (Tái Bản 2021,Jim Collins,130000,117000,0,Bài học kinh doanh,0,0.0,484,,https://salt.tikicdn.com/cache/280x280/ts/product/79/af/0f/a84fb4b6aaffb7282cf3848574e0ff3b.jpg,"Công ty phát hành: NXB Trẻ Nhà xuất bản: NXB Trẻ Tác giả: Jim Collins Loại bìa: Bìa Mềm Số trang: 484 Năm xuất bản: 2021 Jim Collins cùng nhóm nghiên cứu đã miệt mài nghiên cứu những công ty có bước nhảy vọt và bền vững để rút ra những kết luận sát sườn, những yếu tố cần kíp để đưa công ty từ tốt đến vĩ đại. Đó là những yếu tố khả năng lãnh đạo, con người, văn hóa, kỷ luật, công nghệ… Những yếu tố này được nhóm nghiên cứu xem xét tỉ mỉ và kiểm chứng cụ thể qua 11 công ty nhảy vọt lên vĩ đại. Mỗi...",
278031197,Sách Finding Flow - Đi Tìm Dòng Chảy,Mihaly Csikszentmihalyi,102000,73000,50,Sách tư duy - Kỹ năng sống,1,5.0,277,,https://salt.tikicdn.com/cache/280x280/ts/product/dc/b1/aa/2e487c86a052bb16d9c8c7d1a3f930c0.png,"Finding Flow - Đi Tìm Dòng Chảy 
 Tiếp nối sự thành công của  Flow - Dòng chảy  - cuốn sách bán chạy thuộc top 3 hạng mục sách Tâm lý học bán chạy nhất trên Amazon trong nhiều năm, Giáo sư tâm lý học và giáo dục Mihaly Csikszentmihalyi đã cho ra đời  Finding Flow - Đi tìm dòng chảy . 
 Cuốn sách dành cho những ai muốn tận hưởng cuộc sống và cống hiến nhiều hơn cho nó. 
 Điều gì tạo nên một cuộc sống tốt đẹp? Tiền bạc hay một công việc như ý? Hay thời gian dành cho bản thân? Mihaly Csikszentmihal...",
144203242,9 Lần Khởi Nghiệp - Chuyện Kể Về Những Thất Bại Và Thành Công Của Một Triệu Phú,Nguyễn Phương Nam,199000,153000,3286,Sách doanh nhân,352,5.0,260,,https://salt.tikicdn.com/cache/280x280/ts/product/04/7b/d2/1374c01ff034f36ad76d94c392676b64.png,"CHỨA ĐỰNG KINH NGHIỆM ĐẮT GIÁ VỀ THÀNH CÔNG VÀ THẤT BẠI CỦA MỘT TRIỆU PHÚ TỰ THÂN TẠI VIỆT NAM 
 
 VỀ TÁC GIẢ 
 Nguyễn Phương Nam  là doanh nhân khởi nghiệp tự thân từ năm 22 tuổi, hiện đang đồng sở hữu  2.300 nhà trọ  và  nhà máy gần 2 triệu đô . 
 Sau 15 năm kinh doanh, trải qua  3 lần thất bại ,  6 lần thành công , Nguyễn Phương Nam luôn mong muốn để lại những công thức có giá trị ứng dụng cao trong kinh doanh cho thế hệ kế tiếp. 
 Thông qua quyển sách này, tác giả mong muốn truyền cảm hứng đ...","Cuốn sách kể về hành trình xây dựng sự nghiệp của tác giả, trải qua rất nhiều mô hình kinh doanh, thất bại có, thành công có, anh luôn nổ lực và cống hiến để đạt được mục đích của mình, khó khăn nhất là lĩnh vực sản xuất áo thun nhưng anh vẫn kiên trì bền bỉ đầu tư vốn, thời gian sức khỏe để dẫn dắt công ty thành công. Những chia sẻ kinh nghiệm của anh rất quý giá cho các bạn trẻ. Cảm ơn anh ||| Rất đáng để mua nhé mọi người ơi.
Tuy mới đọc 69 trang nhưng những gì mà tác giả kể lại rất gần gũi, chân thật, rất cuốn. Sau mỗi chương lớn đều có phần để mn đúc kêtd lại những gì mình tâm đắc
Em đọc tiếp đây  💕💕 ||| Cuốn sách đc tác giả viết chân thành mộc mạc như một lời tự sự tám sự trải lòng với những ai đã đang và sẽ khởi nghiệp.
Cuốn sách rất nên đọc cho những ai đang trên hành trình này với những chia sẻ hữu ích thực tế thực chiến từ tác giả.
Tuy nhiên cũng sàng lọc kinh nghiệm tác giả chia sẻ vào ứng dụng cụ thể của mỗi người khởi nghiệp, ko ai giống ai. ||| Sách của Anh Nam hay lắm. Đọc rất truyền cảm hứng cho những người trẻ mún start up. Lời khuyên thực tế, dễ ứng dụng. Qua cách anh khảo sát và chuẩn bị cho từng dự án khởi nghiệp + tinh thần quyết làm tử tế và theo đuổi đến cùng cũng như bỏ cuộc sau cùng, sẽ rút ra bài học kinh nghiệm chuẩn bị cho các dự án khởi nghiệp và khó khăn chung khi gặp phải. Ai làm Pod (bán sản phẩm in ấn theo yêu cầu)sẽ càng thích được liên lạc với anh. Viết thế thui, ai khởi nghiệp, đọc sách sẽ thấy biết và theo dõi hành trình của anh giúp bản thân tiết kiệm rất nhiều. ||| Sach giao nhanh, đẹp, bìa in cực đẹp, còn bonus thêm mapbook nữa
-------
Những câu chuyện tác giả chia sẻ trong cuốn sách rất THẬT-HỮU ÍCH & TRUYỀN CẢM HỨNG
Khởi nghiệp chưa bao giờ là dễ dàng, nhưng với ý chí KHÔNG BỎ CUỘC & KHÔNG NGỪNG HỌC HỎI đã đem anh đến THÀNH CÔNG 
Camr ơn tác giả vì những câu chuyện và chia sẻ chân tình. Cuốnn sách chạm từ ❤️ đến ❤️"
271162870,Sách Ước vọng về quốc gia lập trình: Từ tiếng Anh đến tiếng Code,Nguyễn Thanh Tùng,80000,65000,33,Kiến Thức Bách Khoa,3,5.0,200,,https://salt.tikicdn.com/cache/280x280/ts/product/77/f7/7f/b0c2ed3c5cf03e0d721aa43e80551b13.jpg,"“Tôi rất hạnh phúc khi bạn đang cầm cuốn sách này. 
 Cuốn sách này ghi lại hành trình cá nhân của tôi từ một sinh viên Bách Khoa bỏ học giữa chừng (tôi phải dành riêng chương đầu tiên để khẳng định mình không noi theo “tấm gương” Bill Gates) đến giám đốc điều hành hệ sinh thái giáo dục - khởi nghiệp MindX. Một hành trình đầy tính 'hải tặc', tức là không bao giờ dừng lại và luôn đi tìm một kho báu chưa bao giờ tồn tại sẵn trên bản đồ. 
 Tôi mong đem đến cho bạn niềm hứng khởi mà tôi có sau khi tr...",
68134178,Combo 3 cuốn sách: Người Thông Minh Không Làm Việc Một Mình + Lên mạng cũng là một nghệ thuật + Nghệ Thuật Bán Mình Cho Sếp,,223074,223074,0,Root,0,0.0,0,,https://salt.tikicdn.com/cache/280x280/ts/product/bd/ac/dd/2dabe002c4e005a44010cd05dc7808e5.jpg,"1. Người Thông Minh Không Làm Việc Một Mình 
Rất nhiều đã viết nên các cuốn sách tuyệt vời tựa tuyệt vời cùng hợp tác làm việc với người khác. Tuy nhiên, trong khi một số mối quan hệ hợp tác gặt hái thành công vượt bậc thì số khác lại không thể. 
 
Vậy tại sao một số người có thể phối hợp ăn ý mà số khác lại bất hòa, xung đột? 
 
Một cặp ăn ý cần có điềm gì chung? 
 
Sự cộng tác tốt đẹp mang đến cho bạn điều gì trong công việc và cuộc sống riêng? 
 
Dựa vào nghiên cứu đột phá của viện Gallup, ha...",sản phẩm chất lượng
274757326,Chiến Lược Marketing Đỉnh Cao – Dan Kennedy,,168000,168000,10,Sách Marketing - Bán hàng ,1,5.0,0,,https://salt.tikicdn.com/cache/280x280/ts/product/ee/1f/60/9f77d9255f135c896f55829857478d54.jpg,"Hơn 5 triệu doanh nghiệp trên thế giới đã thu về lợi nhuận từ hệ thống marekting đặc biệt chỉ dẫn chi tiết từng bước này. 
 Chiến Lược Marketing Đỉnh cao sẽ chỉ cho bạn cách tạo ra những thông điệp chào hàng cho bất cứ sản phẩm hay dịch vụ nào. 
 Đồng thời đưa ra rất nhiều gợi ý chi tiết, thực tế giúp bạn định vị thương hiệu sản phẩm, tạo ra sức hút và kiếm tiền. 
 Phiên bản cập nhật này cũng sẽ chỉ cho bạn cách thức triển khai chiến lược marketing này trong môi trường Internet đầy sôi động và c...",
43693037,combo Hãy nhắm mắt khi anh đến - Đinh Mặc + Sói Và Dương Cầm - Diệp Lạc Vô Tâm (2 Tập),,397500,397500,4,Truyện ngôn tình,0,0.0,0,,https://salt.tikicdn.com/cache/280x280/ts/product/e0/99/6f/08deb61b8141e88f0292a093233d15eb.jpg,"Combo Hãy Nhắm Mắt Khi Anh Đến 
 Làm việc với một thần thám thông minh, cao ngạo, không hiểu nhân tình thế thái, lúc nào cũng cho mình là nhất… 
 Khi muốn cô làm trợ lý cho mình, anh nói: “Nếu tôi là cô, tôi sẽ không bày ra chuyện suy nghĩ vô vị mà sẽ đến ngôi biệt thự đúng tám giờ sáng mai.” 
 Khi khen ngợi cô, anh nói: “Đầu óc em cũng không đến nỗi chậm chạp… 
 Khi muốn giữ cô lại, anh nói: “Hiện tại cô ấy là người của tôi.” 
 Khi định tỏ tình, anh nói: “Tôi có lời muốn nói với em.” khiến cô h...",
278569967,Sách Tiểu Thuyết Trung Quốc - Không Có Người Như Anh - Tuế Kiến - Book Trendy,Tuế Kiến,180000,99000,2,Truyện ngôn tình,0,0.0,0,,https://salt.tikicdn.com/cache/280x280/ts/product/5d/ce/b3/93b72f0dec5a53308ecad314e14e0cf8.jpg,"Giới thiệu nội dung: 
 Nguyễn Miên tuổi 16 nhạy cảm, hiền lành, ngắm nhìn chàng trai mình thích rồi cất thật sâu mọi ánh mắt ngưỡng mộ, giấu kỹ ở tận nơi không một ai thấy. 
 Cô những tưởng tình cảm ấy sẽ không có cơ hội được thấy lại mặt trời, không ngờ rất nhiều năm về sau, bao nỗ lực và theo đuổi cô từng dành nhiều tâm sức có một ngày lại được anh nhìn thấy, được anh viết lên một chương mới. 
 Anh sẽ trân trọng những tâm sự thiều nữ không biết đặt nơi nào của cô, sau đó cần thận sắp xếp nó và...",
276908450,Sách - Thần Mộc Cào Bất Tận - Tập 2 - Lục Dã Thiên Hạc - AZ Việt Nam,,166000,166000,0,Sách văn học,0,0.0,0,,https://salt.tikicdn.com/cache/280x280/ts/product/26/ed/21/98c1158325b822136c1982b45df1d160.jpg,"Thần Mộc Cào Bất Tận (Tập 2) 
 Thương hiệu: Meibooks 
 Thể loại: Tiểu thuyết đam mỹ 
 Tác giả: Lục Dã Thiên Hạc 
 Dịch giả: Uyên Uyên 
 Khổ sách: 14,5cm x 20,5cm 
 Số trang: 512 trang 
 Nhà xuất bản: Dân trí 
 Giá bìa Bản thường: 166.000VNĐ 
 Dự kiến phát hành toàn quốc: 9/6/2022 
 Mã ISBN: 978-604-356-111-1 
 Mã công ty bản thường: 8935325004810 
 Sách in giấy BB70. Sách được bọc màng co 
 Phiên bản: BẢN THƯỜNG: Sách bìa mềm, 1 bookmark in 2 mặt 
 * * * 
 Giới thiệu nội dung: 
 “Mạc Thiên Liêu,...",
277835381,"Sách - Ương ngạnh, tác giả Bất Kiến Đương Niên",,199000,199000,1,Truyện ngôn tình,0,0.0,1110,,https://salt.tikicdn.com/cache/280x280/ts/product/63/40/d5/fce17e91592e46a6dedcf24d6cdfa06c.png,"Nhà phát hành: Waka 
 Ngôn ngữ: Tiếng Việt 
 Nhà xuất bản: Lao Động 
 Thương hiệu: Bất Kiến Đương Niên 
 Số trang: 1110 
 Năm xuất bản: 2025 
   
 Đã full trọn bộ 2 tập 
 Kích thước: 14.5cm x 20.5cm 
 Cân nặng: 
 + Tập 1: 500g 
 + Tập 2: 500g 
 + Trọn bộ 2 tập: 1000g 
   
 NOTE: Các bạn ơi, khi nhận hàng hãy quay video bóc hàng nha. Để chúng mình có thể hỗ trợ được các bạn trong các trường hợp đổi hoặc tư vấn được tốt nhất nè, cảm ơn các bạn nhiều ạ. 
   
 * * * 
   
 *Giới thiệu tác giả: 
   
 ...",
29353834,Em Là Vì Sao Trong Mắt Anh,"Lã Diệc Hàm, Lã Diệc Hàm ,  Thúy Nguyễn",94620,94620,4,Sách tiếng Việt,0,0.0,0,,https://salt.tikicdn.com/cache/280x280/ts/product/9b/96/74/33915dbd8cd4654b546085e14f06dbbe.jpg,"Em Là Vì Sao Trong Mắt Anh 
 Một người hờ hững, một người đau khổ, 
 Một người trung thành, một người lừa dối. 
 Một người cho đi, một người cướp đoạt, 
 Một người tin tưởng, một người giấu diếm. 
 Chỉ tiếc rằng tình yêu không phải phép toán một cộng một bằng hai. 
 Bạn đã bao giờ nghe nói tới một vụ án liên quan đến những mối tình cắt không đứt, càng gỡ càng rối như vậy không? 
 Nhưng có lẽ, trong mối tình đó, chỉ cần một người bằng lòng quay đầu, nhìn về phía sau, có lẽ tất cả sẽ là bình minh ...",
562660,Sách Yêu Em Bằng Cả Trái Tim Anh (Tái Bản 2016),Tào Đình,97680,96700,6,Root,1,5.0,488,,https://salt.tikicdn.com/cache/280x280/media/catalog/product/b/i/bia_yeuembangcatraitimanh.u2487.d20161205.t134304.578058.jpg,"Yêu Em Bằng Cả Trái Tim Anh 
 Triệu Thủy Quang, em từng nói không tin vào khoảng cách thời gian, tôi lớn hơn em chín tuổi, điều này có gì không tốt? Hết thảy niềm vui tôi chia sẻ cùng em, hết thảy khổ đau tôi nếm trải trước em. Tất cả mọi thứ tôi đều trải nghiệm trước em, cho nên em không cần sợ hãi trước tương lai… Đàm Thư Mặc, đôi khi em nghĩ, nếu như không gặp anh, giờ này em đang ở nơi nào, cuộ đời em sẽ ra sao? Thế nhưng, thật tuyệt, may mắn xiết bao, cảm động xiết bao khi em được gặp anh ở...","Nội dung hay, hấp dẫn, bìa đẹp, bát mắt ||| Khi vừa có hàng, mình rất vui và nóng lòng mở sách ra xem!! Nhưng khi mình mở ra, mình cảm thấy hơi bực! Đơn hàng chỉ có 1 cuốn, nhưng Tiki lại cho nó vào cái hộp rất to và không có mút xốp chèn sách lại!! Kết quả là sách mình lật banh tung tóe, mép trang sách bị gấp lại cả 2 3 chục trang!! Nhìn rất xót!! Còn nữa, cuốn truyện nhìn khá cũ. Cầm cuốn truyện lên cảm thấy bụi bám đầy trên bookcare luôn, cái bookcare cũng không hề ôm chặt vào cuốn truyện, trên bìa cuốn truyện thì cũ và hơi dơ, mình phải giở hết bookcare ra khỏi cuốn truyện, lấy khăn giấy thấm nước rồi lau toàn bộ bookcare cho sạch, truyện thì phải lấy gôm tẩy cho hết mấy vết bẩn đi!! Cầm cuốn truyện có giá hơn 100 nghìn mà nó lại như thế này thì mình thật sự bực mình và thất vọng!! Chưa kể, bên trong KHÔNG HỀ CÓ BOOKMARK!! Mình thật sự ngỡ ngàng luôn, không biết nói gì nữa. Cứ như là cuốn truyện này bị đọc, bị dùng qua rồi ấy!! Cũ, gấp nếp trang sách, mất bookmark ... Đây là đơn hàng tệ nhất mà mình từng được nhận!! Mong Tiki cải thiện hơn!! ||| Sách hay lắm ||| kcvdj ||| Sách có bìa nhìn ấn tượng đẹp hơn so với ảnh nha nội dung mình chưa đọc nêm chưa nhận xét nội dung được. Nhưng hơi buồn do goc sách nó nép bị nhăn :< còn về shipper không hài lòng lắm =)"
73521903,Sách Bạn Trai Tôi Mắc Chứng Hoang Tưởng,Diệp Tử,180000,133300,350,Root,144,5.0,608,,https://salt.tikicdn.com/cache/280x280/ts/product/8a/2d/c7/61dd0ecaf63416da3d7c3fc18432dda2.jpg,"Một tai nạn kinh hoàng biến chàng chủ tịch đẹp trai, đa tài thành bệnh nhân mắc chứng hoang tưởng kỳ quặc. 
 Một món nợ khổng lồ khiến cô nàng bác sĩ tâm lý mới ra trường liều mình nhảy vào hố lửa. 
 Trong thế giới của Chu Tuyên Văn, anh là hoàng đế cao cao tại thượng, cô là phi tử rất mực nhu mì. 
 Trong thế giới của La Khai Hoài, anh là bệnh nhân tâm thần IQ cực đỉnh, còn cô là bác sĩ nghèo rớt mồng tơi. 
 Hai người bất đắc dĩ trở thành một cặp đôi “oan gia”, cùng nhau trải qua những tình huốn...","Giao hàng nhanh, chủ nhật đặt mà thứ hai đã giao rồi. Gói hàng ở tình trạng tốt, không bị móp méo chỗ nào cả, Sách thì có cuốn có bookcare, có cuốn không nhưng tất cả đều không bị trầy xước hay gì cả, giao đủ sách. Tiki làm việc rất năng suất nha về điểm này cho tiki hẳn 5 sao luôn. ||| Chưa đọc nên chưa biết hay or dở! Đọc giới thiệu thì thấy khá híp dẫn. Post card vs bookmark đẹp hết hồn. NXB Amun is da best, còn Tiki đa số đóng gói vận chuyển hàng kém, sẽ làm sách bị hư. 
Đề nghị bao bọc bên trong cẩn thận!! ||| Sách đẹp lắm nha, còn nguyên seal luôn. Nội dung khá hài hước, dễ thương, tác giả đã kết hợp nhuần nhuyễn giữa 2 thời kỳ hiện đại với cổ đại, tình yêu của nam nữ chính từ kiếp trước tới kiếp này cũng rất cảm động. ||| Mới tinh ko một vết tì í . Thích lắm vì sách này mình mua về trưng bày nên mong chờ mãi. Cám ơn nhà sách và bên giao hàng tiki nha vì giữ đc bọc hàng ko bị móp méo gì cả. sách cũng đc lựa cẩn thận . ||| truyện bìa xinh xĩu luôn á. postcard gấp đúng đẹp. tui mua vì cái bìa quá ư là xinh nên ko biết nội dung có hay ko. nhưng góc sách bị nhăn rồi hơi buồn nha"
203211985,Sách Quý Ngài Định Kiến,Khưu Trì,149000,110260,136,Sách tiếng Việt,28,5.0,396,,https://salt.tikicdn.com/cache/280x280/ts/product/23/1c/e6/39209e4224ce5ed978b0c0a044aa353c.png,"Quý Ngài Định Kiến - Tặng Kèm Bookmark   
 Quan Lan - Giám đốc âm nhạc của tập đoàn giải trí Thiên Long, Phó tổng giám đốc thường vụ hãng thu âm Thiên Long, trai gái đều qua tay, quỷ đói háo sắc, ma dâm cuồng quy tắc ngầm, ngủ với nửa giới âm nhạc Hoa ngữ, nhà sản xuất âm nhạc vàng trong truyền thuyết.  
 Như anh nói: “Người đi theo tôi, từ cao xuống thấp, chia làm một hoàng hậu, hai quý phi, bốn phi, tám tần, mười sáu chiêu nghi, ba mươi hai tiệp dư, mỹ nhân và tài nhân dưới nữa thì không giới ...","Giao hàng nhanh.
Mà đóng gói quá chi là sơ sài. Buồn quá tr á. Lót đc đúng tờ giấy cho em. Mong lần sau bên đóng hàng rút kinh nghiệm ạ 🥲
Còn về truyện thì chất lượng dịch ok, nội dung thì hài hài, đáng iu. Bìa minh hoạ nv không như trong tưởng tượng của mình lắm.
Nchung rcm mua nha. ||| Bìa đẹp, bắt mắt, nội dung hay, cute 😚
Sách giao hàng ko bị df
Giá cả hợp lí 👍 ||| Đẹp quóoooo ||| Đẹp xỉu luôn !! Ông bà độ nên ko bị Df ||| Sách xinh lắm nhaaa, giá cũng rẻ hơn vài chỗ mình biết. Giao hàng nhanh quá trùi, hôm qua mới lên đơn mà hôm nay sách tới tay mình rồi=)))))"
7824124868,Thuyết tán tỉnh cậu,Jitti Rain,0,0,0,Gay people,0,0.0,0,,,,
276919012,Sách - Năm Ấy Vạn Dặm Tìm Đường Phong Hầu - Combo 2 Tập - Mạn Mạn Hà Kỳ Đa - AZ Việt Nam,,329000,329000,0,Sách văn học,0,0.0,0,,https://salt.tikicdn.com/cache/280x280/ts/product/4a/1a/f0/5fbcd78179c0b14ee9ee8ab608b3be11.jpg,"-tTên sách: Năm ấy vạn dặm tìm đường phong hầu 
 -tTác giả: Mạn Mạn Hà Kỳ Đa 
 -tDịch giả: Sam Lương 
 -tThương hiệu: Daisybooks 
 -tKhổ sách: 16x24 
 -tSố trang: Tập 1: 448 trang, Tập 2: 408 trang 
 -tThể loại: Đam mỹ 
 -tNhà xuất bản: Nhà xuất bản Hà Nội 
 -tMã ISBN: 
 •tTập 1: : 978-604-339-071-1 
 •tTập 2: 978-604-339-072-8- 
 Ngày phát hành: 02/08/2021 
 -tLoại bìa: Bìa mềm tay gấp 
 Chung Quy Viễn – Mười sáu tuổi xuất thân cao quý, thiên tư hơn người, có mọi thứ trong tay, vinh quang nhiều...",
69286160,Hoa Tai Nữ Bạc Hiểu Minh HT112 hậu duệ mặt trời,,302000,302000,0,Thời Trang,0,0.0,0,Bạc Hiểu Minh,https://salt.tikicdn.com/cache/280x280/ts/product/df/25/86/d68c28c14a8794804d4634f4dbb5dbfd.png,"**** Mua trang sức bạc hãy chọn Bạc Hiểu Minh**** 
 Bạc Hiểu Minh  là thương hiệu uy tín đã được cục sở hữu trí tuệ cấp chứng nhận đăng ký nhãn hiệu số 326142 chuyên về các Sản phẩm bạc, được phân phối bán trên toàn quốc . 
 Là con gái, hẳn bạn luôn bị cuốn hút trước những bộ cánh thời trang và những đôi giày sành điệu. Tuy nhiên để làm hoàn hảo hình ảnh của mình trong mắt người đối diện, các bạn cần thêm những món phụ kiện bé bé xinh xinh để điểm tô cho vẻ ngoài thêm ấn tượng. Và hôm nay,  Bạc ...",
156821176,Sách Khi Chủ Tịch Không Yêu Nữ Chính (2 tập),Thiên Diễn,170350,170350,93,Truyện Chữ Đam Mỹ,42,4.7,616,,https://salt.tikicdn.com/cache/280x280/ts/product/84/06/16/d6b2ac27cb5d731eb530b674c0454600.jpg,"Sở Ca - một thanh niên dân kỹ thuật luôn dành phần lớn thời gian ru rú ở nhà bỗng nhiên xuyên không vào thế giới truyện ngôn tình cẩu huyết phi logic. Điều đáng buồn, trong kịch bản này cậu chính là nhân vật phản diện đã bị nam chính - ngài chủ tịch Satan lạnh lùng cưỡi mây bảy màu đến lấy mạng. Chẳng biết làm cách nào để quay trở lại, cậu chỉ đành lặng lẽ rơi những giọt nước mắt đắng cay cho cuộc đời xuyên không của mình, đồng thời hạ quyết tâm: Phải quý trọng sinh mạng, né xa tình tiết gốc.  
...","Về gói hàng: Đợt này Tiki có bọc một lớp giấy chống sốc nên trộm vía sách không bị df. Giao hàng nhanh, mình đặt hôm sale nên chỉ mất 99k, gía như vậy là quá tốt!
Về sách và nội dung sách: Sách in bìa đẹp, bookmark khá dày dặn. Nội dung truyện hài hước, các nhân vật rất cute, đọc giải trí thì ổn. ||| Quá tuyệt luôn!!! Mình đã mê tít bộ này lắm rồi, muốn nhanh có lắm luôn mà đặt hàng từ chiều hôm trước là trưa mai đã có hàng rồi. Gói hàng rất ổn, giao hàng siêu nhanh mà còn được free ship nữa. Cám ơn bên vận chuyển và nhà sách rất nhiều!! Mình đánh giá năm sao nha! ||| Giao hàng nhanh lắm luôn. Sách về mới, được bọc gói cận thận, bên trong có bookmarks rất đáng yêu. Đồ tặng kèm cũng rất xịn xò. Nội dung thì mình vẫn chưa đọc. Nhưng nói chung mình rất hài lòng về chất lượng cũng như thái độ bán hàng. Tặng năm sao vì thích quá luôn ạ. ||| Thùng bị nứt với móp nhẹ nhưng không ảnh hưởng tới đến sách. Seal còn nguyên và đẹp, phụ kiện bản đặc biệt đầy đủ. Mẫu phụ kiện không đa dạng i chang bìa, mua vì nội dung truyện hợp sở thích của tui, truyện dễ thương ||| Mình lọt hố vì văn án và quả bìa khá xinh. 
Đối với mình thì thấy bìa xinh xẻo lắm í, công thêm quà tặng kèm blink blink nữa.
Nhiều bạn cứ chê bìa, chứ mình thấy không tệ tới mức đó.
Khi biết là artist Việt vẽ thì mình càng vẫn ủng hộ nhiệt tình nha"
73463628,Rồi Một Ngày Bạn Sẽ Hiểu ,,130000,117000,0,Sách tư duy - Kỹ năng sống,0,0.0,0,,https://salt.tikicdn.com/cache/280x280/ts/product/2c/4a/f3/9d2ecd3d3249d89183dace400caf808c.jpg,"Rồi Một Ngày Bạn Sẽ Hiểu 
 Cuốn sách này ra đời trong giai đoạn thứ ba của tôi, là cuốn sách bày tỏ chính bản thân tôi, là cuốn sách bày tỏ chính bản thân tôi, thế nên trong đó sẽ ngập tràn những ""thiên kiến"" của chính tôi. Chỉ cần là quan điểm có giá trị nhất định sẽ có thiên kiến, bởi đặt bút viết là đã có thiên kiến rồi. Tôi không hề muốn lấy lòng độc giả, điều duy nhất tôi hi vọng chính là thông qua ""thiên kiến"" của mình, tôi có thể khiến độc giả quan sát mọi phương diện của cuộc sống từ một...","Mình tặng bạn
Bạn khen đáng đọc"
181119335,"Combo 2 Cuốn Tiểu Thuyết: Mặt Trời Trong Suối Lạnh + Trời Sinh Vụng Về, Hãy Bù Đắp Bằng Sự Kiên Trì",,180500,180500,0,Tiểu Thuyết Phương Tây,0,0.0,0,,https://salt.tikicdn.com/cache/280x280/ts/product/46/1c/f3/88f4573f19580ff4676af862c179639c.jpg,"Combo 2 Cuốn Tiểu Thuyết: Mặt Trời Trong Suối Lạnh + Trời Sinh Vụng Về, Hãy Bù Đắp Bằng Sự Kiên Trì 
 1.Mặt Trời Trong Suối Lạnh 
 “Mặt trời trong suối lạnh” - lạc lõng, cô độc và khát khao thấu hiểu đến thế! 
 Nguyễn Phương Văn đã hoá thân xuất thần vào các nhân vật trong chuyện của mình, vào Sanh, Giang, Li, Quyên, Di… khiến họ bứt mình bước ra khỏi trang sách, tái hiện một cách chân thực thế giới của những người trẻ trong thế kỷ XX - thời kỳ Việt Nam có nhiều biến động về chính trị. 
 Tác giả...",
48136518,"Combo Tiểu Thuyết Lãng Mạn Bán Chạy: Không Cẩn Thận Họa Lớn Rồi! + Họa Đến Rồi, Mời Thanh Toán (Top Sách Hay / Thanh Xuân Tuổi Trẻ)","Tùy Vũ Nhi An, Ngô Đồng Tư Ngữ",230500,230500,3,Truyện ngôn tình,1,5.0,0,,https://salt.tikicdn.com/cache/280x280/ts/product/1c/17/3b/be745195be2b421170245a6eeb748155.jpg,"Combo Tiểu Thuyết Lãng Mạn Bán Chạy: Không Cẩn Thận Họa Lớn Rồi! + Họa Đến Rồi, Mời Thanh Toán (Top Sách Hay / Thanh Xuân Tuổi Trẻ) 
   
 1, Không Cẩn Thận Họa Lớn Rồi!  
 Chu Tiểu Kỳ cả đời yêu thích những bản làng trên triền núi, cho đến tận bây giờ mới dùng đồ xa xỉ phẩm, cũng chính là Tần Chinh. Tần Chinh, vừa có tài lại vừa có tiền, ánh mắt luôn sắc bén bới móc, nhưng lại nhìn trúng Chu Tiểu Kỳ. 
 Mọi người đều nói Chu Tiểu Kỳ trúng tiếng sét ái tình với Tần Chinh, sống chết không buông, sa...",
204661034,Sách Gọi Anh Là Cần Vì Anh Cần Em,Angelado,125000,72500,5,Tiểu Thuyết Phương Tây,0,0.0,176,,https://salt.tikicdn.com/cache/280x280/ts/product/f5/2c/cd/d81a1457b025f8dad57ae52699e318ce.jpg,"“GỌI ANH LÀ CẦN VÌ ANH CẦN EM” 
 Bạn đã bao giờ vì một ánh mắt mà trằn trọc cả một đêm dài? 
 Đã bao giờ bạn suy nghĩ không biết làm thế nào để gây ấn tượng với ""cô ấy""? 
 Bạn cũng chẳng biết ""cô ấy"" có đang bật đèn xanh cho mình 
 Hay tất cả chỉ là sự đơn phương của chính bản thân? 
 Vậy yêu đơn phương là gì, thích chẳng dám nói ra à? Nói ra ta được gì… 
 Được gì thì cùng xem thêm cuốn cẩm nang nho nhỏ gửi đến các bạn đã, đang và sẽ đến tuổi có người yêu, cho những ai chưa có chút kinh nghiệm n...",
194959720,Sách Nơi Em Quay Về Có Tôi Đứng Đợi,Ichikawa Takuji,95000,65000,182,Tiểu Thuyết Phương Đông,29,5.0,258,,https://salt.tikicdn.com/cache/280x280/ts/product/08/d9/96/68ccec9264566d72393a677bc35f2253.jpg,"Cuộc đời vốn là những chuỗi hội ngộ và chia ly. Hội ngộ là để chia ly. Chia ly là để có ngày hội ngộ.
 Satoshi và Yuko, vốn là hai người bạn đồng môn thời trung học, đang sống trong những ngày vợ chồng son hạnh phúc thì tai họa bất ngờ ập đến: Yuko có thể sẽ ra đi mãi mãi. Đối diện sự thật đau buồn ấy, Satoshi và Yuko đã chăm sóc nhau, trở thành chỗ dựa cho nhau, chia sẻ với nhau từng cơn đau, từng niềm vui nhỏ bé, trân trọng từng giây phút ở bê...","bìa xinh, sách có 2 bìa, thể loại lãng mạn ||| Giao nhanh,"
44866011,Chiêu Diêu - Cửu Lộ Phi Hương (Bộ 2 tập),Cửu Lộ Phi Hương,218650,218650,46,Sách tiếng Việt,5,5.0,0,,https://salt.tikicdn.com/cache/280x280/ts/product/6b/06/13/02ca46917ef6606aa40a995fff5ff9c2.jpg,"“Chiêu Diêu” kể về nữ ma đầu mạnh nhất trong giới ma tu Lộ Chiêu Diêu ngông cuồng, bá đạo, trong lần đến mộ kiếm bất ngờ bị môn đồ dưới trướng là Mặc Thanh giết chết. Nàng trở thành một quỷ hồn suốt ngày quẩn quanh bên mộ mình. Bỗng một ngày gặp được tu tiên giả Cầm Chỉ Yên, hai người thỏa thuận với nhau, nàng giúp Chỉ Yên báo thù, Chỉ Yên cho nàng mượn thân giết Mặc Thanh báo thù. Sau khi cùng Mặc Thanh trải qua nhiều khó khăn, những bí mật của quá khứ dần dần được hé lộ, Lộ Chiêu Diêu nảy sinh...","Nội dung hay, bìa đẹp ||| Truyện được bọc cẩn thận, được bao bọc 1 khung bìa cứng, nội dung mình chưa kịp đọc bởi dạo này khá bận, nma của chị cửu thì vô cùng yên tâm ||| Đã nhận đc hàng, tiki chưa bh làm mình thất vọng :))"
272365908,Em Xấu Vừa Đúng Kiểu Anh Thích,,129000,129000,2,Truyện ngắn - Tản văn - Tạp Văn Nước Ngoài,0,0.0,0,,https://salt.tikicdn.com/cache/280x280/ts/product/9f/76/86/2cc885678187bce54362d744811e85d6.jpg,"Em Xấu Vừa Đúng Kiểu Anh Thích  ------------   Anh thích em, chẳng phải vì em xinh đẹp. Anh thích em chỉ đơn giản vì em đã vừa vặn lấp đầy đôi mắt của anh. Mọi người đều hỏi anh, tại sao lại có thể thích em nhiều đến vậy. Em không xinh đẹp, không hấp dẫn trong mắt người khác, nhưng trong lòng anh, em chính là người đẹp nhất. Anh thích dáng vẻ xinh đẹp của em. Là tuy em xấu, nhưng vẫn rất cố gắng biển mình trở nên xinh đẹp hơn bao giờ hết. Là tuy em xấu, nhưng vẫn tỏa sáng lấp lánh vì một phẩm ch...",
188534640,Sách Chúc Ngủ Ngon Rồi Lại Càng Nhớ Anh Hơn - Tặng Kèm 3 Postcard,Alan Chen,115000,92000,95,Nhà Sách Tiki,16,5.0,264,,https://salt.tikicdn.com/cache/280x280/ts/product/31/da/d1/5dd16804782e81cd7cf6b4250942aed4.png,"Khi bắt đầu một tình yêu, ai cũng đều sẽ trải qua cảm giác đầu tiên chính là rung động. Giai đoạn này có lẽ là thời điểm hạnh phúc nhất, nhưng cũng đau khổ nhất đối với người “shay nắng” trước. Tất cả mơ mộng, tất cả suy nghĩ đều dồn về người đó, nghĩ cách để bước vào thế giới của anh , mơ về những giây phút được gọi điện thăm hỏi, được nói chuyện kể nhau nghe những câu chuyện hằng ngày, 
 Câu chuyện tình yêu trong tưởng tượng sao lại hạnh phúc đến thế, giản đơn đến vậy? Nhưng cũng chỉ có họ mới...","Sách siêu đẹp luôn nha
Nội dung hay lắm á mọi người
Nên mua đọc thử ||| Bọc cẩn thận, giao hàng nhanh, bìa thơm, giá rẻ, nội dung chưa đọc nhưng thấy mn review hay, hợp tâm trạng. ||| Bé em mình quen dịch quyển sách này nên mua ủng hộ, nội dung sách cũng rất ổn áp ạ ♥️ ||| một cuốn sách nhẹ nhàng tâm sự chuyện yêu, hi vọng sẽ gặp được một cô gái như vậy"
257865776,ĐỨA TRẺ HIỂU CHUYỆN THƯỜNG KHÔNG CÓ KẸO ĂN – Nguyên Anh – Nguyệt Lạc dịch – Moon Books – AZ VIETNAM – NXB Văn Học (Bìa mềm),,148000,148000,0,Nghệ thuật sống,0,0.0,0,,https://salt.tikicdn.com/cache/280x280/ts/product/26/a6/3e/8ca056ae0593ddc9113c084d308fa031.jpg,"“Đứa trẻ hiểu chuyện thường không có kẹo ăn” – Cuốn sách dành cho những thời thơ ấu đầy vết thương. Trên đời này có một điều rất kỳ diệu, đó là bậc phụ huynh nào cũng mong muốn con mình trở nên hoàn hảo theo một hình mẫu giống hệt nhau. Lanh lẹ, khôn khéo, dễ thương, luôn nhìn cha mẹ với gương mặt tươi cười trong sáng.  Khi người lớn yêu cầu chúng làm gì đó, chúng sẽ vui vẻ làm theo. Không phàn nàn, không oán trách, không cáu gắt, lại càng không phản kháng cãi cự. Những khi cha mẹ mệt mỏi hay ch...",
73521903,Sách Bạn Trai Tôi Mắc Chứng Hoang Tưởng,Diệp Tử,180000,133300,350,Root,144,5.0,608,,https://salt.tikicdn.com/cache/280x280/ts/product/8a/2d/c7/61dd0ecaf63416da3d7c3fc18432dda2.jpg,"Một tai nạn kinh hoàng biến chàng chủ tịch đẹp trai, đa tài thành bệnh nhân mắc chứng hoang tưởng kỳ quặc. 
 Một món nợ khổng lồ khiến cô nàng bác sĩ tâm lý mới ra trường liều mình nhảy vào hố lửa. 
 Trong thế giới của Chu Tuyên Văn, anh là hoàng đế cao cao tại thượng, cô là phi tử rất mực nhu mì. 
 Trong thế giới của La Khai Hoài, anh là bệnh nhân tâm thần IQ cực đỉnh, còn cô là bác sĩ nghèo rớt mồng tơi. 
 Hai người bất đắc dĩ trở thành một cặp đôi “oan gia”, cùng nhau trải qua những tình huốn...","Giao hàng nhanh, chủ nhật đặt mà thứ hai đã giao rồi. Gói hàng ở tình trạng tốt, không bị móp méo chỗ nào cả, Sách thì có cuốn có bookcare, có cuốn không nhưng tất cả đều không bị trầy xước hay gì cả, giao đủ sách. Tiki làm việc rất năng suất nha về điểm này cho tiki hẳn 5 sao luôn. ||| Chưa đọc nên chưa biết hay or dở! Đọc giới thiệu thì thấy khá híp dẫn. Post card vs bookmark đẹp hết hồn. NXB Amun is da best, còn Tiki đa số đóng gói vận chuyển hàng kém, sẽ làm sách bị hư. 
Đề nghị bao bọc bên trong cẩn thận!! ||| Sách đẹp lắm nha, còn nguyên seal luôn. Nội dung khá hài hước, dễ thương, tác giả đã kết hợp nhuần nhuyễn giữa 2 thời kỳ hiện đại với cổ đại, tình yêu của nam nữ chính từ kiếp trước tới kiếp này cũng rất cảm động. ||| Mới tinh ko một vết tì í . Thích lắm vì sách này mình mua về trưng bày nên mong chờ mãi. Cám ơn nhà sách và bên giao hàng tiki nha vì giữ đc bọc hàng ko bị móp méo gì cả. sách cũng đc lựa cẩn thận . ||| truyện bìa xinh xĩu luôn á. postcard gấp đúng đẹp. tui mua vì cái bìa quá ư là xinh nên ko biết nội dung có hay ko. nhưng góc sách bị nhăn rồi hơi buồn nha"
4919946231,Năm tháng là đoá lưỡng sinh hoa,Nguyễn Thị Thuý Ngọc dịch,0,0,0,Tiểu thuyết - Ngôn tình,0,0.0,0,,,,
48212496,Sách Thời Khắc Tươi Đẹp,Nina Riggs,159000,122600,128,Root,15,4.6,372,,https://salt.tikicdn.com/cache/280x280/ts/product/4c/cd/31/133edb93510a730d50a728220ccd900a.jpg,"Nhiều người suy sụp khi biết không còn sống được bao lâu. Nhiều người gắng gượng lạc quan để động viên người thân yêu bên cạnh. Nhưng Nina Riggs đối mặt với cái chết bằng những thời khắc tươi đẹp nhất của cuộc đời. “Cái chết phải đâu ngày tận thế. Có nhiều điều còn tồi tệ hơn là chết: những mối hận thù, không có khiếu hài hước hay chứng táo bón.” Và Riggs – người phụ nữ sắp chết này sẽ chỉ cho bạn hay thế nào mới là sống. Giá sản phẩm trên Tiki đã bao gồm thuế theo luật hiện hành. Bên cạnh đó, t...","Mua sách của Tiki rất nhiều lần, sách đẹp, chất lượng sách tốt. Ship nhanh và giá cả cũng rất cạnh tranh. Tuy nhiên mình góp ý với Tiki và các nhà cung cấp khác. Do là sách nên khi vận chuyển sẽ bị va đập mạnh dẫn đến mép, móp và dập bìa. Nếu có thể thì Tiki và các nhà cung cấp nên bọc sách lại vừa hạn chế đc méo móp lại vừa giữ đc mùi giấy mới và ko bị mốc. Những cuốn sách mình mua lần này đều bị méo bìa, bụi và mốc. Đánh giá 5 sao nhưng rất mong Tiki và nhà cung cấp lưu ý thêm ||| ""Thời khắc tươi đẹp"" là một tác phẩm ý nghĩa, một nỗi suy tư về cuộc sống.Nhắn nhủ chúng ta phải biết trân trọng những phút giây khi còn sống, cũng như biết nắm lấy những khoảnh khắc đẹp trong đời. Khi gấp trang sách lại, cũng là lúc nỗi buồn tràn vào không gian tĩnh lặng, khiến ta chạnh lòng khi nghĩ về cái chết, về sự sống, về tình yêu, về cuộc sống ý nghĩa của con người. ||| Sách nhận được trong tình trạng có rất nhiều vết bẩn như trong hình. Mình đề nghị được đổi trả. Cảm ơn Tiki! ||| sách hay. Tiki giao hàng nhanh"
77580319,Combo 2 cuốn sách: Nhật ký   + Nhật ký thất lạc của Donjuan,,184090,184090,3,Tiểu Thuyết Phương Đông,1,5.0,0,,https://salt.tikicdn.com/cache/280x280/ts/product/f5/b8/b8/72751611806c695920f12642b82c0a8b.jpg,"1. Nhật Ký (Tái Bản 2014) 
 
Sức hấp dẫn lớn nhất của Nhật ký không nằm ở sự cầu kỳ hoa mỹ về câu chữ hay kỹ thuật cấu trúc mà ở câu chuyện vô cùng cảm động về một người đàn ông tên Noah Calhoun đã kiên nhẫn mỗi ngày đọc lại từng trang nhật ký cuộc tình của họ để mong đánh thức ký ức của người vợ đang mắc bệnh Alzheimer - A 
 
Allie là cô con gái nhà giàu nhân kỳ nghỉ hè theo gia đình về vùng quê yên tĩnh. Tại đây cô tình cờ gặp một chàng trai non trẻ nhưng yêu Allie ngay từ lần đầu trông thấy n...",
4267452041,Truyen ngon tinh - Dung mong chung ta la nguoi dung,Duy Hoa Tong Tu,0,0,0,Family & Relationships,0,0.0,308,MintRight Inc,http://books.google.com/books/content?id=D_bxCwAAQBAJ&printsec=frontcover&img=1&zoom=1&edge=curl&source=gbs_api,"Luc Nhiem falls in love with Han Mac Ngon at the first sight. From that, she always tries to become the ideal girlfriend of him and hopes that he loves she. However, it seems to be not enough for him to love her. As soon as she decided to give up, he falls in love with her. Will she want to chase him once?",
276032059,Sách Kết thúc của chúng ta,Colleen Hoover,188000,131600,108,Tiểu Thuyết Phương Đông,10,5.0,400,,https://salt.tikicdn.com/cache/280x280/ts/product/0f/b1/f5/6f47e132687254b8fdffa4eaab456f9d.jpg,"Giới thiệu sách 
 Sau khi tốt nghiệp, Lily Bloom rời khỏi thị trấn quê hương để tới Boston sống tự lập và hiện thực hóa giấc mơ mở tiệm hoa của mình. Tại đây, cô vướng vào mối quan hệ tình ái lạ lùng với bác sĩ phẫu thuật thần kinh Ryle Kincaid. Mỗi người đều bị người kia cuốn hút, nhưng Lily muốn điều gì bền vững dài lâu, còn Ryle lại không muốn bị trói buộc vào một mối quan hệ chính thức. Bất chấp khác biệt, cũng như nhờ nhiều sự kiện tình cờ thú vị không kém phần hài hước, họ vẫn đến với nhau...","- Cuốn sách cảm động nhất ở chỗ mẹ Lily cảm ơn con gái mình khi dũng cảm đứng trước đám đông đọc điếu văn dở tệ của mình vì bà, sau khi cô thổ lộ hoàn cảnh bi đát của bản thân rằng cô đang có thai, bị chồng bạo hành nhiều lần và cô lại rất yêu chồng. 
- Lần cảm động thứ 2 khi gần cuối truyện, khi cô đã sinh con và ngay khoảnh khắc tuyệt vời nhất là nhìn ngắm Ryle nâng niu con gái mình, cô đã hỏi anh như một phép thử rằng sẽ như thế nào nếu 1 ngày con gái yêu quý của anh đến gặp anh và hỏi phải làm sao khi bị chồng bạo hành. 
- Yếu đuối, mù quáng, mạnh mẽ, kiên nhẫn và sáng suốt xen lẫn trong từng tình tiết. Mọi thứ của Lily đều đáng học hỏi, khi cần vì tình, cô vẫn cho cơ hội, nhưng một khi đã có quyết định thì luôn đủ dứt khoác để quay lưng đi.
- Phân tích tâm lí nhân vật logic, thuyết phục và thực tế. Lời văn có nhiều lúc ủy mị, đa sầu đa cảm, cũng phần nào cho thấy niềm tin mãnh liệt sâu bên trong cô gái trẻ. Cô tin vào bản ngã, kinh nghiệm và những trải nghiệm của bản thân thời thơ ấu để quyết định chấm dứt mối tình của bản thân. 
- Cuối truyện, khi cô cũng xứng đáng cập bến bờ hạnh phúc cùng Atlas, chàng trai vô gia cư cô đã cưu mang năm cô chỉ mới mười lăm tuổi. Mọi thứ xứng đáng luôn chờ sẵn, chỉ là bản thân có đủ dũng khí để bước qua vòng lặp, tiến thẳng về phía hạnh phúc đứng chờ hay không mà thôi. Như Atlas luôn chờ Lily, và mãi luôn yêu cô như họ đã từng.
-------------Goodreads - Anna Dương ---------- ||| Bản in đẹp. Nội dung hấp dẫn lỗi cuốn. ||| Giao siêu nhanh, TIKI vẫn tốt như ngày nào 😍"
127692587,Sách - Mousse Đánh thức miền Yêu,,107200,107200,1,Nhà Sách Tiki,0,0.0,0,,https://salt.tikicdn.com/cache/280x280/ts/product/43/e3/d8/c33b74a8b8b8df110e4f8ed2270f30f6.jpg,"Công ty phát hành: Bách Việt 
 Tên Sách: Mousse Đánh thức miền Yêu 
 Tác giả: Ức Cẩm 
 Dịch giả: Thiện Thanh 
 Số trang: 592 
 Loại bìa: Mềm 
 Ngày phát hành: 16/03/2020 
 Giới thiệu 
 Câu chuyện của nữ chính : 
 Nỗi ám ảnh tỏ tình thất bại đeo bám Tần Khai Hân suốt bảy năm trời. 
 Không ngờ bảy năm sau, người từ chối cô năm đó bất ngờ quay lại, còn hùng hổ nói với cô, “Tôi đã từ chối em khi nào chứ?”. 
 Tần Khai Hân tức đến mức chỉ muốn cho anh ta một cái tát. Nhưng mà khuôn mặt anh ta đẹp trai...","Tiki giao hàng nhanh, tuy nhiên sách đợt này đóng gói hơi sơ sài, nhưng vẫn chấp nhận được vì sách không bị ảnh hưởng.
Nội dung truyện ngọt ngào, các nhân vật cũng khá dễ thương, không có người thứ ba, sẽ hợp gu bạn nào thích truyện ngọt sủng. ||| trùi ui, ngọt lịm luôn nha mọi người ơi. Đọc mà ăn cơm tró suốt. Ko hề ngược =)) ||| Hay"
262659947,Yêu em từ cái nhìn đầu tiên - Tái bản 2023 (Tặng kèm bookmark 7 nhân vật và 4 postcard),Cố Mạn,179000,179000,14,Truyện ngôn tình,1,4.0,512,,https://salt.tikicdn.com/cache/280x280/ts/product/7d/20/e5/94620f070f9ffd44097c7bbe33cf254e.jpg,"Thông tin sách: 
 Tên: Yêu em từ cái nhìn đầu tiên 
 Nhà xuất bản: NXB Văn Học 
 Liên kết xuất bản: Minh Quang Books 
 Khổ sách 13.5x20,5 cm 
 Giá bìa: 179.000đ 
 Số trang 512, Tặng kèm bookmark 2 nhân vật 
 Bọc màng co 
   
 Nội dung đọc thử: 
 Yêu Em Từ Cái Nhìn Đầu Tiên 
 Nhắc đến Yêu em từ cái nhìn đầu tiên có lẽ không cần dùng quá nhiều lời, bởi cùng với Sam Sam đến đây ăn nào, Bên nhau trọn đời, Yêu em từ cái nhìn đầu tiên đã làm nên tên tuổi của Cố Mạn tại Việt Nam. 
 Đi cùng? 
 Hai chữ n...",
19349142,"Sách Và Thế Là , Anh Đợi Em Suốt Một Thế Kỷ",Cửu Nguyệt Hy,168000,156000,117,Truyện ngôn tình,6,3.8,451,,https://salt.tikicdn.com/cache/280x280/ts/product/5b/9a/93/f52f28e90dddb3baeab413af8630789f.jpg,"Review – Văn án Chị đẹp – một vẻ đẹp thanh tao, thoát tục và có phần ma mị. Người đàn ông nào cũng muốn được sở hữu chị, hoặc chí ít, được một lần chạm tay vào thân thể ngà ngọc, đắm chìm trong ánh mắt dụ hoặc, phiêu diêu. Với phần lớn phụ nữ và cả vô số những người đàn ông chỉ có thể ve vuốt chị bằng ánh mắt và ngọn lửa tà dục trong tâm, chị là hồ ly, con đàn bà lẳng lơ, thứ “hồng nhan họa thủy”. Cậu là một thanh niên giỏi giang, một học sinh ưu tú – niềm tự hào của phố núi xa xôi. Cậu là nam t...","Thực sự quá sức thất vọng. Truyện rất rất cũ và bụi, màu truyện thì ố ngả vàng hết cả rồi. Hỏng trên, hỏng dưới và k có bookmark luôn. bỏ ra hơn 100k chỉ để mua 1 quyển sách cũ thế này quá là thất vọng! ||| mang tâm trạng ái mộ Cửu Nguyệt Hi, tôi đã sưu tầm hết sách xuất bản ở VN của tác giả này. phần lớn tác phẩm tôi đều đặt trên tiki và chất lượng rất tốt, sách còn mới tinh nhưng lần này lại nhận được sản phẩm dù còn màng co nhưng lại bị mốc ||| Bao làm viền sánh hơi nhăn nhưng vẫn đánh giá 10/10"
77774623,Sách Anh Giả Vờ Sẽ Không Yêu Em (Tặng Kèm 01 Bookmark),Bánh Donut Của Trẫm,152000,152000,0,Sách tiếng Việt,0,0.0,400,,https://salt.tikicdn.com/cache/280x280/ts/product/2b/15/eb/64f61e7e490dd3ba933f5cc08a3ef5f8.jpg,"Từ Tri Châu – thiếu gia nhà họ Từ, đồng thời cũng là một ca sĩ ẩn danh nổi tiếng trên mạng. Cậu chủ Từ vì muốn trải qua một cuộc sống đại học bình thường nên đã cố tình che giấu thân phận thực sự của mình, trở thành một chàng sinh viên “nghèo” điển trai, học giỏi, có nghị lực sống và được bạn bè hết lòng yêu quý.  
 
Lý Dao Nguyệt – đàn em cùng trường của Từ Tri Châu, một cô gái luôn bị các bạn học xa lánh, coi thường vì nghĩ rằng cô là kẻ ham tiền tài vật chất, chim sẻ muốn hóa phượng hoàng.  
...","Sao sách lại không có seal vậy, df nhiều quá, với người khác có thể không nhưng tôi là người không chấp nhận được việc df, df 1 chỗ, oke thôi nhưng đằng này nó ở đâu không ở lại ở gáy sách... ||| Về hình thức thì bìa đẹp, bắt mắt. Về nội dung, một câu chuyện hài hước khi cả nam nữ chính đều tưởng nhầm người còn lại có gia cảnh khó khăn, họ phải suy nghĩ đắn đo để nói chuyện sao cho không làm người kia tổn thương, hơn nữa là phải giả “nghèo” vì người kia. Tóm lại câu chuyện nhiều nút thắt mở, nhưng không hề “cẩu huyết” nhé. Mình ưng văn phong của tác giả lẫn dịch giả. Trong rất nhiều truyện đã đọc khiến mình hơi ngán thì câu chuyện này vẫn khiến mình yêu thích. ||| Tuy sách không có màng co nhưng vẫn sạch sẽ.
Đánh giá 5 sao vì màu sách và chất giấy rất đẹp, cầm chắc tay.
Anh shipper lịch sự, thân thiện.
Nội dung chưa đọc nhưng văn án khá thú vị!
Khá hài lòng nhé! ||| Sách không có bọc nhưng mà chất lượng ổn nên không sao hết. Khổ lớn. Cầm khá chắc tay ||| Ấn tượng đầu tiên về cuốn sách là bìa rất đẹp nên đã quyết định mua và ko sai, rất hài lòng, tiki giao hàng nhanh, đóng gói cũng cẩn thận, với lại khá bất ngờ vs khổ sách to và đẹp. Nội dung trg sách rất thú vị"
202961439,Tâm Lý Học Tình Yêu - Tình Yêu Của Bạn Giống Như Bạn,,129000,112600,40,Root,1,5.0,0,,https://salt.tikicdn.com/cache/280x280/ts/product/c8/45/6f/85cdf6dd2be61b1961caa9411a43e583.jpg,"Tâm Lý Học Tình Yêu – Tình Yêu Của Bạn Giống Như Bạn 
 Trong cuộc đời, chúng ta sẽ có thể gặp gỡ và rồi chia tay với nhiều người. Các mối nhân duyên đa dạng sắc màu, khác nhau về độ sâu đậm, đổ dồn vào xung quanh chúng ta rồi phân tán ra chỗ khác, và cuối cùng sẽ đọng lại những dấu ấn trong lòng. Trong vô vàn những mối nhân duyên ấy, cuộc gặp gỡ giữa chúng ta và người ấy đã trở thành một mối nhân duyên đặc biệt mang tên “tình yêu”. 
 Đối với nhiều người, “tình yêu” vẫn còn là một khái niệm khá m...",
7131304387,Hồ ly biết yêu,Diệp Lạc Vô Tâm,0,0,0,Tiểu thuyết - Ngôn tình,0,0.0,0,,,,
159814522,"Sách Chúng ta tuổi 40 ( Sống Là Chính Mình/ Tạo Ra Giá Trị Cá Nhân, Thành Công/ Tặng Kèm Bookmark)",,75000,68000,0,Thơ,0,0.0,0,,https://salt.tikicdn.com/cache/280x280/ts/product/7e/91/12/616a3211e7c47dd874756fcaef6be7c6.jpg,"Chúng ta của tuổi trung niên! 
 Hãy làm những việc mình giỏi nhất, làm những việc mình đam mê và xã hội cần! Đó chính là ý nghĩ thôi thúc chúng ta dám bước đi trên con đường thành công, tạo ra giá trị cho bản thân và cuộc sống. Hay như chúng ta thường nói đó chính là ý nghĩa cuộc đời. 
 Ý nghĩa ấy cần thiết nhưng để tìm được câu trả lời lại không hề dễ dàng. Có những nhân duyên khiến cho chúng ta tỉnh thức, khiến chúng ta nắm giữ niềm vui, sự tự tin trên con đường tìm kiếm ý nghĩa cuộc đời như t...",
9790903312,Không kịp nói yêu em,Phỉ Ngã Tư Tồn,0,0,0,Tiểu thuyết - Ngôn tình,0,0.0,0,,,,
1644600447,Bữa trưa tình yêu,Cố Mạn,0,0,0,Tiểu thuyết- Ngôn tình,0,0.0,0,,,,
5669045052,Ai hiểu được lòng em ,Lục Xu,0,0,0,Tiểu thuyết - Ngôn tình,0,0.0,0,,,,
8061166650,Xin được bên em thêm lần nữa,Atsushi Matsuhisa,0,0,0,Man-woman relationships,0,0.0,199,,,,
3591186571,Tôi thích một cô gái nhưng chẳng dám ngỏ lời,Yuruka Morisaki,0,0,0,Tiểu thuyết - Ngôn tình,0,0.0,0,,,,
755721396,Cá mực hầm mật,Mặc Bảo Phi Bảo,0,0,0,Tiểu thuyết - Ngôn tình,0,0.0,0,,,,
8595897542,Cô vợ hồ ly ngốc nghếch,Kính Trung Ảnh,0,0,0,Chinese fiction,0,0.0,575,,,,
5367213333,"Rất nhớ, rất nhớ anh",Mặc Bảo Phi Bảo,0,0,0,Tiểu thuyết - Ngôn tình,0,0.0,0,,,,
6639744869,Gặp ai giữa ngã rẽ tình yêu ,Diệp Tử,0,0,0,Tiểu Thuyết - Ngôn tình,0,0.0,0,,,,
1229951353,Thất tịch không mưa,Lâu Vũ Tình,0,0,0,Tiểu thuyết - Ngôn tình,0,0.0,0,,,,
2581405597,Quái đàm,Lafcadio Hearn,0,0,0,"Ghost stories, Japanese",0,0.0,175,,,,
184945916,THIÊN THẦN VÀ ÁC QUỶ – Dan Brown – bìa cứng – Bách Việt – Nguyễn Quang Huy dịch, Dan Brown,176760,176760,2,Tiểu Thuyết Phương Tây,0,0.0,710,,https://salt.tikicdn.com/cache/280x280/ts/product/28/39/39/0fa7ca48aa09ddb9a258fd157f2f22ef.jpg,"Được mệnh danh là ông vua dòng sách trinh thám khoa học nghệ thuật, những tác phẩm của Dan Brown luôn thu hút bạn đọc. Là một nhà văn chuyên viết tiểu thuyết trinh thám có chứa nhiều yếu tố khoa học kỹ thuật, nghệ thuật và tôn giáo, Dan Brown nổi lên thành một hiện tượng chấn động làng sách văn học thế giới với tác phẩm Mật mã Da Vinci (The Da Vinci Code) xuất bản năm 2003. 
 Với việc lồng ghép khéo léo các chi tiết nghệ thuật, các vấn đề của lịch sử tôn giáo, cuốn tiểu thuyết này đã trở thành t...","Sách bị gãy hết góc sách, thật sự xấu hẳn quyển sách luôn, bìa cứng mà cỡ này. Đề nghị sau gói hàng chống sóc kĩ hơn ||| Đánh giá 5 sao là được rồi, bắt chụp hình nữa. Mệt...🤣🤣🤣"
274101627,Sách - Vật chứa linh hồn (Frances Hardinge) - Nhã Nam Official,Frances Hardinge,200000,180000,0,Truyện Giả tưởng - Huyền Bí - Phiêu Lưu,0,0.0,420,,https://salt.tikicdn.com/cache/280x280/ts/product/16/b6/08/f4d0a426b5bf7646bdaf2a29310cad14.jpg,"Tác giả: Frances Hardinge 
 Dịch giả: Nguyễn Thị Hương Thảo 
 Nhà xuất bản: Phụ nữ 
 Số trang: 420 
 Kích thước: 15.5x24 cm 
 Ngày phát hành: 03-2023 
   
 Khi thân xác nằm lại, linh hồn trở nên lạc lối và cần nơi ẩn náu. 
 Hằng đêm, Makepeace luôn phải đấu tranh bảo vệ bản thân khỏi những hồn ma tìm cách xâm nhập vào tâm trí mình. Nhưng sau một sự kiện kinh hoàng khiến Makepeace mất cảnh giác, một linh hồn đã chui vào được bên trong cô. Ấy thế mà linh hồn hoang dã, tàn bạo và mạnh mẽ ấy lại chí...",
253656605,Truyện ma (M.R.James),M.R.James,149000,134000,0,Tác Phẩm Kinh Điển Nước Ngoài,0,0.0,457,,https://salt.tikicdn.com/cache/280x280/ts/product/d0/3c/ac/327eab9025d0a22e16874e5f4124581c.jpg,"Ba mươi truyện ma kinh điển kể về một thế giới ma mị ám ảnh của M. R. James, cha đẻ của thể loại truyện ma hiện đại. 
 Mục đích của một truyện ma hay là để cho máu ta lạnh cứng một cách thích thú, và đó là điều mà M. R. James đã đạt được hoàn toàn trong những câu chuyện tuyệt vời của ông. Khung cảnh gây ám ảnh nhất mà ông thích chính là những ngôi nhà, khu vườn thôn dã nước Anh, mạn bắc của nghĩa địa nhà thờ, mê cung cây thủy tùng trong “Ông Humphreys và địa sản thừa kế” và chuyến hành trình khó...",Sách rất đẹp. Nội dung có vẻ hay đấy!
58627102,Sách Sổ Tay Nhà Thôi Miên,Cao Minh,145000,100050,5335,Sách tiếng Việt,1193,4.7,352,,https://salt.tikicdn.com/cache/280x280/ts/product/5e/d2/3b/06159d088a9e8c9861899b9a7f0e8acd.jpg,"Sổ Tay Nhà Thôi Miên 
 Thế giới này chỉ toàn giả tạo, còn chúng ta lại sống trong giả tạo 
 Nhà thôi miên, người thì thầm trong bóng tối 
 Thẳm sâu trong nội tâm bạn liệu có tồn tại một thế giới khác? 
 Hoang vu, tăm tối, kìm nén và không có ranh giới… 
 “Sổ tay nhà thôi miên” sẽ đưa bạn bước vào thế giới bạn chưa từng hay biết. 
 “Sổ tay nhà thôi miên” sẽ kéo bạn ra khỏi thế giới u tối bạn đang chìm đắm. 
 Đó là… 
 Người lẩn trốn trong bóng tối, một cô gái phát cuồng màu đen, thậm chí còn định ...","Anh shipper dễ thương. Sách thì mình chưa đọc nhưng hơi buồn vì sách quá dơ. Mình lau ra bụi đen thui. Mình là người yêu sách. Mặc dù biết không ảnh hưởng đến nội dung nhưng nhìn thấy quyển sách bị vậy có chút đau lòng. Mình đọc sách khác của tác giả này rồi nên muốn mua thêm để đọc. Lối tư duy khác, cách viết và hành văn cũng khác. Đọc dễ bị cuốn vào và phải đọc cho đến hết. Mình mong 2 quyển này cũng vậy. ||| Quyển sách này đến tay mình không bị trầy xước hay bong tróc gì cả
Nếu bạn hay đọc sách của tác giả Cao Minh thì khỏi bàn rồi, thật sự quá đỉnh. Từ nội dung đến cách viết hay cách sử dụng câu từ đều được trình bày rõ ràng. Sách chia ra nhiều phần, mỗi phần là câu chuyện của những người đến phòng khám tìm cách chữa trị bệnh của mình. Nhưng đa số đều không phải là những căn bệnh bình thường mà có thể chữa trị đơn thuần trong bệnh viện hay dùng thuốc sẽ khỏi. Nó bắt nguồn từ những nguyên nhân sâu xa cần được chữa trị tận gốc. 
Thấy hơi có lỗi vì mình đọc sách của tác gì mà thích đồng nghiệp của tác giả hơn. Vì ông ấy là một người vô cùng thông minh. Từ lí lẽ, sự hiểu biết hay sự chuyên nghiệp trong công việc đều gần như ở đỉnh cao.
Thật sự nếu bạn còn đang chần chừ thì đừng lo lắng. Đây thật sự là một quyển sách đáng để đọc thiệt đó! ||| Sách giao nhanh, đóng gói cẩn thận. Đánh giá 5 sao cho shop. Còn nội dung sách khá khó hiểu, không có mục lục, không có giới thiệu về sách, những mẩu chuyện là những đoạn hội thoại không đầu, không cuối, không rõ tác giả muốn truyền tải điều gì. Đọc đến cuối sách mới biết sách có 2 tập, mà đọc tập 1 chẳng hiểu gì chắc tập 2 cũng không khá hơn. ||| Vận chuyển thì nhanh thật, lại dc tặng thêm 1 cuốn sách nhưng mình hơi buồn vì gáy sách bị nhăn, huhu sách to và đẹp như thế mà lại bị như vậy!! Nhưng chắc tại cuốn đó nằm đầu trong cái hộp chứ mấy cuốn phía dưới rất nguyên vẹn!! Mua sale 50% + được tặng thêm 1 cuốn sách “Mặt trời trong tim”, đáng lẽ sẽ ko có gì để chê nếu như giá của cuốn này ko lên xuống như vậy ... em canh 2 ngày rồi mới đặt vì nghĩ sale 50% là nhiều rồi, thế là sáng qua đặt tối qua mở lại thấy cuốn này sale 70% coi tức hong? Dù gì thì cũng cảm ơn Tiki, em đi mua nữa đây vì còn sale 3 ngày nữa dù em còn chưa tới 100k ? ||| Gáy sách hơi nhăn, bìa sau bị xướt, nhìn giống như là bị chìa khóa rạch vậy, bìa trước có nếp cuốn nhẹ. Nhưng nhìn chung mua sách ở giá sale này thì cũng miễn cưỡng chấp nhận được. Được cái là giao hàng sớm hơn dự kiến, dù hàng hóa giữa không được cẩn thận lắm."
274238666,Sách Journey Into Darkness – Vào Trong Bóng Tối,"John E. Douglas, Mark Olshaker",180000,117000,61,Truyện kinh dị,4,5.0,404,,https://salt.tikicdn.com/cache/280x280/ts/product/c8/9a/aa/aeb4a3733a9f74f787d3a17cfa5d4fb2.jpg,"Phần tiếp theo gây sốc của bộ phim truyền hình đình đám Netflix, MINDHUNTER.
 Là người tiên phong và là chuyên gia hàng đầu thế giới về lập trình hồ sơ tội phạm, John Douglas đã dành cả cuộc đời mình để tìm hiểu và chống lại những kẻ giết người hàng loạt. Bây giờ, ông đang đi sâu hơn vào tâm trí tội phạm trong một loạt vụ án mới rùng rợn. 
 Lập hồ sơ các nghi phạm từ OJ Simpson đến Unabomber, điều tra vụ ám sát John Lennon và thảm kịch Waco, đồng thời khám phá nguyên nhân đã thôi thúc những kẻ g...","Mk đặt 2 cuốn nhưg có cuốn này hơi bị lỗi chút. Trai nghiệm ko dc trọn vẹn lắm nhưg vẫn cho 5 sao nha. Hy vọng lần sau shop sẽ chú ý hơn khâu đóng gói, chỉ có 1 lớp màng co, mk nghĩ nên thêm 1 lớp chống sốc thì sẽ đảm bảo hơn"
274719770,Sách Bí Ẩn Phố Âm Dương,Hà Mạt Bì,195000,132400,109,Truyện Giả tưởng - Huyền Bí - Phiêu Lưu,7,5.0,396,,https://salt.tikicdn.com/cache/280x280/ts/product/a0/b4/21/2e721c90e30d45dbd04ae48791d2adfd.jpg,"Một tác phẩm của Hà mạt bì – Tác giả “triệu Follow” của VƯỜN HOA MẠT DƯỢC - trang chuyên viết về Tội phạm - Trinh thám 
 Nội dung 
 Năm Trung Hoa Dân Quốc thứ 34, một trận bão tuyết đã làm tốc mái nhà số 1294 trên phố Âm Dương, và người ta đã tìm thấy một xác chết phân hủy nặng. Trưởng phòng điều tra tội phạm mới được bổ nhiệm (Vương Khắc Phi) và một nữ bác sĩ pháp y du học ở Pháp (Hạ Nhược Sinh) cùng nhau bắt tay phá án, lột kén kéo tơ từ trùng trùng manh mối để tìm ra kẻ sát nhân; nhưng chất k...",Giao nhanh sách đọc hayy
273961036,Sách Tổng Đài Kể Chuyện Lúc 0h,Emma Hạ My,168000,142800,1,Truyện kinh dị,0,0.0,332,,https://salt.tikicdn.com/cache/280x280/ts/product/62/4d/32/7122fed1c537fbaa75dccf9e0ca005b6.jpg,"Chào mừng đến với Tổng đài kể chuyện lúc 0 giờ. Đêm nay, chúng ta sẽ đến với một câu chuyện mới…”  Cứ mỗi đêm, cô bé mồ côi câm điếc tên Thanh lại “nghe” thấy tiếng chuông quỷ dị phát ra từ chiếc điện thoại đồ chơi cũ ở cô nhi viện mà cô vừa chuyển đến.  
 Khi nhấc máy, giọng người đàn ông bí ẩn ở đầu dây bên kia lại vang lên, kể cho cô nghe những câu chuyện kỳ dị nhưng quyến rũ lạ thường. Như một bản nhạc giao hưởng chết chóc, réo rắt từng nốt bổng trầm dìu người nghe lên cỗ máy thời gian lướt ...",Bia đẹp nội dung hay đang mua vé sưu tầm ||| Bọc hàng kỹ càng vận chuyển nhanh.
274692477,Vong Hồn (Tác giả: Trường Lê),Trường Lê,135000,135000,0,Truyện kinh dị,0,0.0,328,,https://salt.tikicdn.com/cache/280x280/ts/product/f2/57/5a/02f4a883f13abee388bedd1caeedff85.jpeg,"MÔ TẢ SẢN PHẨM : 
   
 - Đã bao giờ anh nhìn thấy ma chưa? 
 - Không phải ai cũng nhìn thấy ma được. Người ta nói những kẻ yếu bóng vía mới nhìn thấy ma, hoặc khi nào ma cho mình nhìn thì mình mới thấy được. Bản chất của ma quỷ là vô hình, nếu muốn hiện hữu, nó phải nhập vào người có căn có số hoặc thiếu mất một phần hồn vía. 
 Câu chuyện xoay quanh Hùng - chủ nhân mới của ngôi biệt thự ở lưng chừng núi, tuy đường xá đi lên thuận lợi nhưng số người có tiền để xây nhà ở đây lại rất ít, xung quanh...",
73521483,Sách Trò Chơi Vương Quyền 3A - Sự Trở Lại Của Ngoại Nhân (Tái Bản 2020),George R.R. Martin,209000,125400,121,Truyện Giả tưởng - Huyền Bí - Phiêu Lưu,30,4.8,636,,https://salt.tikicdn.com/cache/280x280/ts/product/95/7d/d8/4d56301226466da000e9ffb11346c5f3.jpg,"Bộ sách đồ sộ và đình đám Trò chơi vương quyền là một series tiểu thuyết sử thi viễn tưởng của tiểu thuyết gia nổi tiếng người Mỹ George R. R. Martin. Lấy cảm hứng từ tiểu thuyết “Cuộc chiến hoa hồng” và “Ivanhoe” Martin bắt đầu viết bộ sách vào năm 1991 và năm 1996 ông cho ra mắt ấn phẩm đầu tiên. Cuốn tiểu thuyết cũng như cả bộ sách nhanh chóng nhận được sự đón chào nhiệt liệt của một lượng fan hâm mộ khổng lồ, trở thành các tác phẩm best seller của nhiều bảng xếp hạng uy tín. Từ dự định viết ...","Mình đã mua đủ bộ. Về nội dung thì khỏi bàn, đây là tuyệt tác của GRRM rồi. Nhưng cách mà nxb chọn lựa loại giấy in ấn, dàn trang layout và đồ hoạ trang bìa thực sự rất chán so với các phiên bản của nước ngoài. Hi vọng trong tương lai gần sẽ cho ra phần “vỏ” phiên bản mới xứng đáng với phần “ruột” mà GRRM đã tốn nhiều năm xây dựng. ||| Hàng rất tốt , giá cũng hợp lí nữa . 
Thánk shop rất nhiều .
Có thêm các chương trình ưu đãi giá cho khách hàng nữa mọi ngừoi sẽ còn ủng hộ shop dài dài ||| Tốt ||| giao hàng đúng thời hạn luôn, sách rất tốt 💯"
77649545,Hồ sơ số 113,Emile Gaboriau,0,0,0,French fiction,0,0.0,0,,,,
276065456,Tiếng Thét Câm Lặng,Oe Kenzaburo,250000,250000,0,Root,0,0.0,502,,https://salt.tikicdn.com/cache/280x280/ts/product/03/61/47/14ae737e451c270a948a6ea1de2b7ed7.jpg,"Tiếng Thét Câm Lặng
   
 
 Nhà xuất bản : Nhà Xuất Bản Văn Học.
   Công ty phát hành : Nhã Nam.
   Tác giả : Oe Kenzaburo.
   Kích thước : 14 x 20.5 x 2.5 cm.
   Số trang : 502.
   Ngày xuất bản : .
   Loại bìa : Bìa mềm.
   
 
 ""Trong khi những người từng vượt qua địa ngục của riêng họ tồn tại rất vững chãi, thì tôi sẽ phải tiếp tục sống những ngày tháng mơ hồ bất định và u ám, không có chí hướng cụ thể gì ư? Không có cách nào để tôi trút bỏ được nó và rút lui vào bóng tối thư thái hơn sao? [] ...",
242447987,Kẻ Ác Cạnh Bên," Uông Xuân Vy,  Trần Đăng Khoa",119000,119000,1,Sách tư duy - Kỹ năng sống,1,5.0,272,,https://salt.tikicdn.com/cache/280x280/ts/product/27/c1/8a/583da22eab2db098c2ff1ed9ae52d08d.jpg,"“Mặt người khác nhau, tâm người còn khác hơn.” - Voltaire 
 Bạn có bao giờ rơi vào trường hợp bị bạo lực về tinh thần từ người chồng cũ nhưng hắn luôn chối bỏ trách nhiệm từ hành vi mà hắn gây ra? Hay ông thầy thể dục tàn ác dùng những đòn tâm lý mà không bao giờ bị phát hiện hay truy tố? Hay bà sếp thích làm bẽ mặt bạn trong cuộc họp rồi tảng lờ đi làm như mình vô tội? 
 Chúng ta thường nghĩ những người sociopath (rối loạn nhân cách chống xã hội) là những tên tội phạm bạo lực, nhưng trong tác p...",Good
54748899,Sách Muôn Kiếp Nhân Sinh (Bìa Mềm) - Nguyên Phong,Nguyên Phong,168000,133800,5268,Phật giáo,790,5.0,408,,https://salt.tikicdn.com/cache/280x280/ts/product/bb/2e/dc/253313e657c8c2050d247ec20761830a.jpg,"“Muôn kiếp nhân sinh” là tác phẩm do Giáo sư John Vũ - Nguyên Phong viết từ năm 2017 và hoàn tất đầu năm 2020 ghi lại những câu chuyện, trải nghiệm tiền kiếp kỳ lạ từ nhiều kiếp sống của người bạn tâm giao lâu năm, ông Thomas – một nhà kinh doanh tài chính nổi tiếng ở New York. Những câu chuyện chưa từng tiết lộ này sẽ giúp mọi người trên thế giới chiêm nghiệm, khám phá các quy luật về luật Nhân quả và Luân hồi của vũ trụ giữa lúc trái đất đang gặp nhiều tai ương, biến động, khủng hoảng từng ngà...","-Về hình thức và chất lượng bản in: rất thích chất liệu giấy này, thơm, láng, dàn trang và font chữ dễ đọc, đọc nhanh. Trải nghiệm đọc sách tốt. Mình rất để ý điểm này vì có rất nhiều bên làm sách rất uổng, nội dung hay, tác giả xịn nhưng trải nghiệm giấy, cầm, dàn trang thực sự gây khó chịu không muốn đọc.
-Về tác giả: mình thích nhất cuốn Tây tạng huyền bí. Mình ko phải fan của bác, nhưng mình luôn tự cảm thấy có sự kết nối với tác giả. Đặc biệt là với cuốn này, có nhiều bạn bè của mình đọc và nhắc, mình đã mua cuốn 2 cũng dc 2 năm. Nhưng đến một thời điểm nhất định, lại được thôi thúc đọc cuốn Muôn kiếp NS 1 này. Lúc bản thân cảm thấy cần hoặc bị thôi thúc chứ k đọc để dò la về chứng tích, đọc kiểu kiếm hiệp, đọc kiểu chứng thực khoa học tâm linh có là khoa học ko. Với sách của tác giả, hữu duyên thì đọc. 
-Về cách hành văn: nhìn chung, các cuốn của First new được biên tập kỹ lưỡng, vì mình thấy điểm này nổi bật qua nhiều đầu sách đã đọc. Cảm giác thống nhất được dòng văn, ngôn ngữ của 1 đơn vị phát hành sách. Nên ko phải riêng tác giả Nguyên Phong mà cuốn khác cũng thế. Tiêu chí: mạch văn sáng rõ, dùng từ cẩn mực. Mình đang đọc và rất thích từ đầu primary dịch thành uyên nguyên. 
-Về tổng thể nội dung và tính chất của dòng sách phóng tác này: dễ hiểu, hiểu được thì mới suy ngẫm và đem vào cuộc sống thường ngày được. Ngôn ngữ bình dị của tác giả luôn làm mình đặt câu hỏi: ""phải uyên thâm thì mới có được cách truyền tải đầy ý nhị, không mang tính khoe chữ, khoe kiến thức và gần gũi như vậy."" Còn nếu muốn đào sâu về tâm linh, đạo đức thì dòng sách này của Thái Hà sẽ hợp gu đọc hơn. Một tác giả gần nhất mà giọng văn cũng khiêm tốn và sáng rõ như tác giả NP là Nguyễn Tường Bách. Chất thơ và tính chiêm niệm nhiều hơn.
-Cuối cùng: với chất giấy này thì cầm sách khá nặng tay, hơi mỏi. Nhưng đổi được nhiều trải nghiệm tốt và dễ bảo quản (tránh ẩm) thì hiện tại đây không phải ý chê. Thích cái cảm giác được lật sang một trang nữa. ||| Sách viết theo kiểu tự truyện đọc rất cuốn, là một Phật tử quy y Phật đã tin vào nhân quả. Nay đọc cuốn này xong càng tin và thấm hơn. Cuộc sống biết đủ là hạnh phúc, cuộc sống vốn ngắn ngủi nên cứ sống hết mình và làm nhiều điều có ích cho xã hội và cuộc sống! Thân gửi ||| Sách nguyên seal không có lỗi gì. Có nhiều trang in màu và chất lượng giấy thì quá tuyệt luôn. Chưa đọc nhưng mình được giảng viên gợi ý sách để tham khảo (không hẳn là tham khảo, chủ yếu là bạn nào thích thì có thể tìm đọc) và mình cũng rất thích thể loại này. Tất cả đều rất oke nha. ||| Nếu Bạn Nào Thích Sách Về Huyền Học Thì Đừng Bỏ Qua MKNS nhé. Nội Dung Hay, Sách In Rất Đẹp, Chất Lượng Giấy Tốt. Mình Mua Sách Ở Tiki Hơn 10 Năm Nay Lần Nào Cũng Hài Lòng ||| Chất lượng giấy oke như ảnh nhá, bìa sách cứng, có khèn bao ni lông quanh sách
Nghe riveiw cũng nhiều nên mình mua đọc thì thấy
Về nội dung thì mình mới đọc có ít, thấy cũng khá hay, bàn luận về luật nhân quả dựa trên khoa học và tâm linh."
191948777,LÉN NHẶT CHUYỆN ĐỜI - MỘC TRẦM - SBOOKS,,85000,59000,82,Tiểu Thuyết Phương Đông,8,5.0,216,,https://salt.tikicdn.com/cache/280x280/ts/product/77/59/92/62702639c67865f86b6fbaca53a1b04a.jpg,"LÉN NHẶT CHUYỆN ĐỜI  
 Tại vùng ngoại ô xứ Đan Mạch xưa, người thợ kim hoàn Per Enevoldsen đã cho ra mắt một món đồ trang sức lấy ý tưởng từ Pandora - người phụ nữ đầu tiên của nhân loại mang vẻ đẹp như một ngọc nữ phù dung, kiêu sa và bí ẩn trong Thần thoại Hy Lạp. Vòng Pandora được kết hợp từ một sợi dây bằng vàng, bạc hoặc bằng da cùng với những viên charm được chế tác đa dạng, tỉ mỉ. Ý tưởng của ông, mỗi viên charm như một câu chuyện, một kỷ niệm đáng nhớ của người sở hữu chiếc vòng. Khi một...","Sách hay đầy ý nghĩa. Bìa đẹp mới, giao hàng nhanh. 10đ cho shop"
77243060,"Sách Phớt Lờ Tất Cả, Bơ Đi Mà Sống (Tái Bản)",Hugh Macleod,89000,62000,22,Sách tư duy - Kỹ năng sống,5,5.0,218,,https://salt.tikicdn.com/cache/280x280/ts/product/37/11/b8/e9dfba08b6564c9e308e14b026f48acf.jpg,"""Phớt lờ tất cả và bơ đi mà sống"" là cuốn sách sẽ mở ra cánh cửa ánh sáng, bật tung sáng tạo, khơi mở những giới hạn chưa từng được chạm đến và thoát khỏi những suy nghĩ lề lối cũ kỹ đang làm cho trí óc héo gầy từng ngày. Với cuốn sách kỹ năng cần thiết cho kinh doanh thú vị này, không cần phải đọc hết một lượt mới có thể hiểu hết toàn bộ, vì mỗi chương đều trình bày thông điệp hết sức rõ ràng và súc tích. 
 Với 40 phần là 40 bài học ngắn gọn, súc tích, kết hợp với tranh biếm họa và các châm ngô...",Tiêu cực
160584326,Thích Nhất Hạnh - Bàn Tay Cũng Là Hoa,,71000,68100,3,Phật giáo,0,0.0,0,,https://salt.tikicdn.com/cache/280x280/ts/product/f5/8a/ec/4f999ecb1af74a039fb0c6b0917bc38f.jpg,"Mã hàng 
 8932000118312 
 
 
 Nhà Cung Cấp 
 Cty Bán Lẻ Phương Nam 
 
 
 Tác giả 
 Thích Nhất Hạnh 
 
 
 NXB 
 NXB Phương Đông 
 
 
 Năm XB 
 2013 
 
 
 Trọng lượng (gr) 
 300 
 
 
 Kích Thước Bao Bì 
 21 x 13 
 
 
 Số trang 
 332 
 
 
 Hình thức 
 Bìa Mềm 
 
 
 
 Bàn Tay Cũng Là Hoa (Tái Bản) 
 Trong đời sống xã hội, làm thơ và tổ chức bình thơ là tập quán và thú vui bổ ích đối với những người yêu thích thơ văn, đặc biệt là thơ, nhất là vào các dịp lễ trọng của nhân dân ta. Thích Nhất Hạnh - vị...",
277387250,Hạnh phúc cầm tay - Thích Nhất Hạnh - NXB Lao Động,,94050,94050,0,Lĩnh vực khác,0,0.0,0,,https://salt.tikicdn.com/cache/280x280/ts/product/40/7b/b1/56a08df520824f0cef374366d7968b3e.png,"“Tất cả chúng ta đều có hạt giống của niệm và định” “Định làm phát sinh hỷ lạc” Định nguồn căn, có định con người sẽ cảm thấy đang thực sự sống chứ không phải chỉ tồn tại. Cảm nhận cuộc đời tươi đẹp không qua đôi mắt mà qua hơi thở và tâm hồn. Thiền sư Lâm Tế đã nói rằng: “Phép lạ là đi trên mặt đất mà không phải đi trên mặt nước hay đi trên than hồng”. Tất cả những gì ta làm đều cốt yếu là để tâm an. Mỗi ngày, ta đì tìm tự do cho hạnh phúc, hay hạnh phúc để được tự do?! Nếu cứ mải mê mắc kẹt tr...",
270798144,Thư Viện Hình Ảnh Song Ngữ Đầu Tiên Của Bé - Thế Giới Động Vật _VT, Bảo Châu,60000,58000,1,Kiến thức - Bách khoa,0,0.0,35,,https://salt.tikicdn.com/cache/280x280/ts/product/1b/76/5e/53d794c837ff59385664c111953cb696.jpg,"Thư Viện Hình Ảnh Song Ngữ Đầu Tiên Của Bé - Thế Giới Động Vật 
   
 Các bạn nhỏ sẽ được khám phá những thông tin mới nhất về vương quốc động vật cũng như gặp gỡ một số động vật mới đầy kỳ lạ và hết sức tuyệt vời ở trong cuốn sách hấp dẫn này. Là một công cụ củng cố kiến thức lý tưởng, cuốn sách chứa đựng một tài liệu hữu ích giúp cho các bạn nhỏ vừa học vừa chơi. Thông qua các loài như: Gia súc, động vật hoang dã, động vật biển, những bức ảnh sặc sỡ cùng các khung hình sống động sẽ tái hiện lại...",
251772561,Thả trôi phiền muộn (TB) - Tác giả Suối Thông,Suối Thông,110000,84700,93,Phương pháp giáo dục Montessori,6,5.0,256,,https://salt.tikicdn.com/cache/280x280/ts/product/21/49/b6/1011c5030658e57105f6d1ddb97b18bd.jpg,"Thả trôi phiền muộn (TB) 
 Tác giả Suối Thông 
 --- 
   
 Dù đục dù trong con sông vẫn chảy 
   
 Dù cao dù thấp cây lá vẫn xanh 
   
 Dù người phàm tục hay kẻ tu hành 
   
 Đều phải sống từ những điều rất nhỏ 
   
 Chúng ta đến thế giới này, tựu trung chỉ có hai việc lớn: sanh và tử. Một việc đã hoàn thành, chỉ còn lại một thôi, nên không cần phải gấp! Bởi vì đời người cũng chỉ gói gọn trong ba ngày: Ngày hôm qua như nước chảy mây bay, qua rồi không thể trở lại; ngày hôm nay dù đang ở đây nhưng...",
36399760,"Sách Đừng Cúi Đầu Mà Khóc , Hãy Ngẩng Đầu Mà Đi - Tặng Kèm Sổ Tay",Lư Tư Hạo,119000,119000,2,Sách tiếng Việt,1,5.0,312,,https://salt.tikicdn.com/cache/280x280/ts/product/a3/1c/4a/4daab9c6055d52f14b9a396bc77c9777.jpg,"Tiến về phía trước đi, thế giới này không quan tâm đến sự yếu đuối của bạn đâu! - Bạn ăn cơm một mình, mỗi lần đều ăn ở cùng một quán, gọi cùng một món ăn. 
 Bạn dạo phố một mình, bần thần nhìn một bộ quần áo trong tủ kính rất lâu, nhưng cuối cùng không thử. 
 Bạn một mình âm thầm làm việc đến bán mạng, bụng đói thì ăn nốt mẩu bánh mì, uống nốt cốc sữa sót lại từ buổi sáng, để rồi sau đó lại một mình dẫm lên cái bóng của chính mình để về nhà. 
 Nếu bạn nghĩ bản thân mình như vậy là tội nghiệp, l...","Sách được bọc rất kĩ, không hề bị móp méo góc cạnh. Được tặng kèm  sổ tay nhỏ rất đẹp. Cách trình bày của sách làm người đọc cảm thấy không rối mắt... một quyển sách hay là phải tạo một dư ba ở cuối bày ? chưa đọc nhưng mình cảm thấy đáng mua nhé!"
252131254,Sách Đợi Đi… Vết Thương Nào Rồi Cũng Lành (Tái Bản 2023),Lư Tư Hạo,115000,59800,199,Truyện ngắn - Tản văn - Tạp Văn Nước Ngoài,16,5.0,304,,https://salt.tikicdn.com/cache/280x280/ts/product/3e/b6/96/c6ed354cfa469f78c04f6cce42038ce4.jpg,"Đợi đi… vết thương nào rồi cũng lành - Cuốn sách chữa lành những tổn thương để bạn hiểu: Ngày mai sẽ là một ngày mới và đã đến lúc bạn hạnh phúc rồi. 
 Yêu một người vào năm 17 tuổ 
 Nhớ một người hằng đê 
 Và rơi nước mắt cũng vì người ấy 
 Có những người ta gặp không phải để bắt đầu một điều gì đó, mà là để vĩnh viễn bỏ lỡ. 
 Có những mảnh tình cảm không phải để nói ra, mà là để mãi mãi chôn giấu. 
 Có những việc khi còn trẻ, dù có cố gắng thế nào cũng chẳng thể hiểu được. Nhưng khi hiểu ra rồ...",
7420459552,"Mong bạn trải qua giông bão, quay về vẫn là thiếu niên ",Tằng Khải ,0,0,0,Triết học - Chữa lành ,0,0.0,0,,,,
277875355,Phạm Lữ Ân - Nếu biết trăm năm là hữu hạn (Bản đặc biệt in 4 màu Bìa mềm),Phạm Lữ Ân,239000,239000,1,Truyện ngắn - Tản văn - Tạp Văn Việt Nam,0,0.0,188,,https://salt.tikicdn.com/cache/280x280/ts/product/36/b1/d9/0107bffde720a7882eeedadf1d270f22.jpg,"NẾU BIẾT TRĂM NĂM LÀ HỮU HẠN  -  Phạm Lữ Ân 
 Nếu biết đời người chỉ vỏn vẹn một trăm năm, bạn sẽ sống khác đi chứ? Sẽ yêu thương nhiều hơn, tha thứ nhiều hơn, sống trọn vẹn từng phút giây... thay vì chờ đợi một ""ngày mai"" vốn chẳng ai đảm bảo? 
 ""Nếu biết trăm năm là hữu hạn""  — tập tản văn kinh điển đã làm lay động hàng triệu độc giả Việt Nam — vẫn còn nguyên vẹn sức mạnh sau từng ấy năm: Lời nhắc nhở dịu dàng nhưng da diết rằng, tuổi trẻ không chờ đợi, tình yêu không hẹn lần sau, và đời sống ...",
167613836,OSHO - Hạnh Phúc Tại Tâm,,108000,97000,0,Nghệ thuật sống,0,0.0,0,,https://salt.tikicdn.com/cache/280x280/ts/product/ca/a2/7f/6ecf705297f00d4722ea7c0bd3f4e548.jpg,"Mã hàng 
 8935086850152 
 
 
 
 
 Tên Nhà Cung Cấp 
 FIRST NEWS 
 
 
 Tác giả 
 Osho 
 
 
 Người Dịch 
 Lê Thị Thanh Tâm 
 
 
 NXB 
 NXB Tổng Hợp TPHCM 
 
 
 Năm XB 
 2019 
 
 
 Trọng lượng (gr) 
 300 
 
 
 Kích thước 
 14.5 x 20.5 cm 
 
 
 Số trang 
 252 
 
 
 Hình thức 
 Bìa Mềm 
 
 
 
 Con người càng đau khổ thì càng khát khao hạnh phúc. Hạnh phúc là những cảm nhận huyền diệu từ phía bên kia của khổ đau. Hạnh phúc cũng là cảm nhận chân thật và sâu sắc của tâm hồn trước gánh nặng cuộc đời. 
 N...",Sách hay
246772456,Combo 2 Cuốn Sách: Osho - Yêu + Khi Mọi Điểm Tựa Đều Mất,,234314,234314,0,Sách tiếng Việt,0,0.0,0,,https://salt.tikicdn.com/cache/280x280/ts/product/7d/e2/93/92060bc5b9025480b88d825e7804efe6.jpg,"Combo 2 Cuốn Sách: Osho - Yêu + Khi Mọi Điểm Tựa Đều Mất ------------ 1. OSHO - Yêu Một chỉ dẫn “yêu không sợ hãi” đầy ngạc nhiên từ bậc thầy tâm linh Osho Những người đói khát trong nhu cầu, những người luôn kỳ vọng ở tình yêu chính là những người đau khổ nhất. Hai kẻ đói khát tìm thấy nhau trong một mối quan hệ yêu đương cùng những kỳ vọng người kia sẽ mang đến cho mình thứ mình cần – về cơ bản sẽ nhanh chóng thất vọng về nhau và cùng mang đến ngục tù khổ đau cho nhau. Trong cuốn sách Yêu, Osh...",
75307228,Sách OSHO Yêu - Being In Love - Yêu Trong Tỉnh Thức,Osho,168000,142400,1546,Nghệ thuật sống,259,5.0,350,,https://salt.tikicdn.com/cache/280x280/ts/product/cb/fe/6c/d9d8db2080c4078377edcc73325b5889.jpg,"“YÊU” TRONG TỈNH THỨC VỚI OSHO Một chỉ dẫn “yêu không sợ hãi” đầy ngạc nhiên từ bậc thầy tâm linh Osho  Những người đói khát trong nhu cầu, những người luôn kỳ vọng ở tình yêu chính là những người đau khổ nhất. Hai kẻ đói khát tìm thấy nhau trong một mối quan hệ yêu đương cùng những kỳ vọng người kia sẽ mang đến cho mình thứ mình cần – về cơ bản sẽ nhanh chóng thất vọng về nhau và cùng mang đến ngục tù khổ đau cho nhau. Trong cuốn sách Yêu, Osho - bậc thầy tâm linh, người được tôn vinh là một tr...","Cuốn sách rất hay, rất nhìn góc nhìn và khái niệm mới về yêu. Ko chỉ tình yêu lứa đôi mà là còn cách yêu mình. Ngoài ra kèm theo các “nhánh” khác xuất phát từ tình yêu như tình dục, sinh đẻ. 
Văn phong của tác giả rất hay, nhưng có nhiều đoạn kiểu “lý thuyết” nên mình hơi ko hiểu lắm 😅.
Mình ấn tượng với đoạn giải thích của tác giả khi nói tình yêu sẽ giúp bản thân mỗi người cô độc. Cô độc là trạng thái bản thân tự tin thoải mái là-chính-mình. Khác với cô đơn là cảm thấy lạc lõng khi ở 1 mình hoặc khi ở nơi đông người nhưng cảm thấy 1 mình. Tình yêu sẽ là sức mạnh, là điểm tựa để mỗi cá thể đc tự tin, đc thoải mái là chính họ trong tình yêu và trong thế giới bên ngoài. Bởi vậy nên người ta hay nói những người khi gặp được tình yêu của đời mình thường tự tin, hạnh phúc là vậy ☺️ ||| Giao hàng nhanh chóng. Uy tín của tiki là số 1 đối với mình. Thấy nhiều người đánh giá nội dung sách hay, mình rước em ấy vào tủ sách ngay. Chữ in rõ ràng, sách còn thơm mùi sách mới. ||| Sách hay nha mn, đọc rất là cuốn, mới mua mà mình đọc một lèo hết lun. Tuy nhiên sách in bị lỗi, in lặp lại tầm 16 trang gì đấy làm mình phải check lại xem có phải sách riu không may mà vẫn riuu ||| Tình yêu chân thật, yêu trong sự gắn kết và tin tưởng. Cuốn sách cho ta góc nhìn khác về tình yêu, không như tình yêu mà ta thường thấy. Tình yêu thực sự sẽ đến và ở lại, có khi nó đến và sẽ rời đi, nhưng khi đã yêu thực sự ta sẽ biết ơn vì nó đã xuất hiện trong cuộc đời mình. Cuốn sách cực kỳ hay và có nhiều giá trị đối với mình, và tình yêu của mình. Cảm ơn ||| sách hay kinh khủng, mình đã thay đổi nhân sinh quan sau khi đọc xong quyển này luôn, nhất là về tình yêu, thì ra trước giờ yêu lầm bảo sao.. 
 rất thích sách Osho, sẽ mua thêm may quyen con lai cho đủ bộ 💫🌷💖☃️"
186086824,OSHO - Thân Mật Cội Nguồn Của Hạnh Phúc,Osho,98000,98000,1,Nghệ thuật sống,1,4.0,248,,https://salt.tikicdn.com/cache/280x280/ts/product/28/2c/e6/6be149670e04df5b89647006a1b21f05.png,"Mọi người đều e ngại sự thân mật – đây là điều có thực, dù bạn nhận ra nó hay không. Thân mật có nghĩa là phơi bày chính mình trước một người xa lạ; tất cả chúng ta đều là những con người xa lạ, không hề quen biết nhau. Chúng ta thậm chí còn xa lạ với chính mình bởi ta không biết mình là ai. Sự thân mật khiến con người xích lại gần nhau hơn. Bạn phải từ bỏ mọi sự phòng thủ, chỉ có như thế mới tạo được sự thân mật. Và bạn lo sợ rằng nếu bạn tháo gỡ hết những rào chắn, mọi lớp áo bảo vệ thì ai biế...",Bt
53300996,Sách OSHO - Can Đảm Biến Thách Thức Thành Sức Mạnh (Tái Bản 2020),Osho,88000,79000,42,Root,5,4.6,192,,https://salt.tikicdn.com/cache/280x280/ts/product/97/68/64/7eda15f8258f6a967a7ce231fcd22757.jpg,"Can Đảm Biến Thách Thức Thành Sức Mạnh là cuốn sách kế tiếp trong bộ bốn cuốn của hiền triết Osho gồm: Sáng tạo bừng cháy sức mạnh bên trong; Hạnh phúc tại tâm; Thân mật - cội nguồn của hạnh phúc; Đạo - con đường không lối. 
 
Qua cuốn sách bạn sẽ hiểu hơn về sự can đảm là đánh đổi cái đã biết để tìm đến cái hư vô, đánh đổi cái quen thuộc để tìm đến những điều xa lạ, đánh đổi sự tiện nghi ấm cúng để tìm đến cái bất tiện, đánh đổi cuộc hành hương gian nan để tìm đến một nơi vô định. Không ai biết...","Hay ||| Giao sai sản phẩm. mình đặt quyển CAN ĐẢM BIẾN THÁCH THỨC THÀNH SỨC MẠNH. Shop giao mình quyển LÀ CHÍNH MÌNH TRONG THẾ GIỚI HIỂM NGUY. đổi lại giúp mình ||| Sách đẹp, giao hàng nhanh. Nội dung sách Osho thì miễn bàn nè. Việc của chúng ta là đọc- ngẫm- thực hành thôi"
59478514,Combo 2 Cuốn: Osho Đàn Ông + Osho Phụ Nữ,Osho,248000,185200,2716,Sách giáo dục,442,5.0,325,,https://salt.tikicdn.com/cache/280x280/media/catalog/producttmp/f2/0d/3a/53c58daad012f306cdab14a5cd575741.jpg,"1/ Osho Đàn Ông - The Book Of Men 
 Bạn thật may mắn khi được sống trong thời đại này bởi có một điều vô cùng vĩ đại sắp xảy ra – đó là sự gặp gỡ giữa khoa học và tôn giáo, sự gặp gỡ giữa Đông và Tây, sự gặp gỡ giữa hướng ngoại và hướng nội. Điều này sẽ tạo ra một con người mới, một con người có thể dễ dàng đi ra bên ngoài hoặc đi vào bên trong, đi vào thế giới hướng ngoại của khoa học hoặc đi vào thế giới hướng nội của tôn giáo – dễ dàng như khi bạn đi từ trong nhà ra vườn rồi lại quay trở vào ...","Đây là 2 quyển sách mà mình giới thiệu rất nhìu, từ những người thầy đã đi trước. Xuyên suốt quyển sách được viết dựa trên những câu hỏi - đáp. Giống nhưng 1 quyển sách rất hay mình từng đọc trước đó ""The Power of Now - Sức Mạnh của Hiện Tại - Eckhart Tolle"" ||| Mình chưa đọc nhưng vẫn đánh giá 5 sao vì chất lượng hàng tốt, giao hàng nhanh, đóng gói cẩn thận. Cảm thấy tiki làm hàng cẩn thận hơn trước. Mình rất ưng ||| Tiki giao hàng nhanh cực. Mình mua combo 2 cuốn săn sale chỉ còn có 90k/2 quyển mà 2 ngày đã nhận hàng. Còn ship ngay ngày 20/10 nữa nên cảm giác như nhận được quà hé hé ❤️ Về Osho thì không cần bàn cãi nữa rồi, những triết lý của ông phải đọc chậm để cảm nhận và thậm chí phải đọc nhiều lần, mỗi lần nghiệm ra khác nhau! Hay đáng đọc ||| Tiki giao hàng nhanh, đóng gỏi cẩn thận. Sẽ thích hơn nếu có bookmark
Về nội dung chỉ có 2 chữ để đánh giá: UYÊN BÁC. Kiến thức Osho đưa đến dễ nắm bắt và gần gũi, đem đến cho bạn cái nhìn có cái nhìn rộng mở và có chiều sâu hơn. Có thể là do sách Osho hợp với mình nên cảm thấy rất yêu thích tác giả Osho.
Cảm ơn admin Youtube ""Chuyện Trang kể"" đã giới thiệu mình biết đến 2 quyển này ? ||| sách gói cẩn thận đẹp, mình đọc rất nhiều tác phẩm của Ohso, nên lần này mua hài lòng lắm giao nhanh."
59478514,Combo 2 Cuốn: Osho Đàn Ông + Osho Phụ Nữ,Osho,248000,185200,2716,Sách giáo dục,442,5.0,325,,https://salt.tikicdn.com/cache/280x280/media/catalog/producttmp/f2/0d/3a/53c58daad012f306cdab14a5cd575741.jpg,"1/ Osho Đàn Ông - The Book Of Men 
 Bạn thật may mắn khi được sống trong thời đại này bởi có một điều vô cùng vĩ đại sắp xảy ra – đó là sự gặp gỡ giữa khoa học và tôn giáo, sự gặp gỡ giữa Đông và Tây, sự gặp gỡ giữa hướng ngoại và hướng nội. Điều này sẽ tạo ra một con người mới, một con người có thể dễ dàng đi ra bên ngoài hoặc đi vào bên trong, đi vào thế giới hướng ngoại của khoa học hoặc đi vào thế giới hướng nội của tôn giáo – dễ dàng như khi bạn đi từ trong nhà ra vườn rồi lại quay trở vào ...","Đây là 2 quyển sách mà mình giới thiệu rất nhìu, từ những người thầy đã đi trước. Xuyên suốt quyển sách được viết dựa trên những câu hỏi - đáp. Giống nhưng 1 quyển sách rất hay mình từng đọc trước đó ""The Power of Now - Sức Mạnh của Hiện Tại - Eckhart Tolle"" ||| Mình chưa đọc nhưng vẫn đánh giá 5 sao vì chất lượng hàng tốt, giao hàng nhanh, đóng gói cẩn thận. Cảm thấy tiki làm hàng cẩn thận hơn trước. Mình rất ưng ||| Tiki giao hàng nhanh cực. Mình mua combo 2 cuốn săn sale chỉ còn có 90k/2 quyển mà 2 ngày đã nhận hàng. Còn ship ngay ngày 20/10 nữa nên cảm giác như nhận được quà hé hé ❤️ Về Osho thì không cần bàn cãi nữa rồi, những triết lý của ông phải đọc chậm để cảm nhận và thậm chí phải đọc nhiều lần, mỗi lần nghiệm ra khác nhau! Hay đáng đọc ||| Tiki giao hàng nhanh, đóng gỏi cẩn thận. Sẽ thích hơn nếu có bookmark
Về nội dung chỉ có 2 chữ để đánh giá: UYÊN BÁC. Kiến thức Osho đưa đến dễ nắm bắt và gần gũi, đem đến cho bạn cái nhìn có cái nhìn rộng mở và có chiều sâu hơn. Có thể là do sách Osho hợp với mình nên cảm thấy rất yêu thích tác giả Osho.
Cảm ơn admin Youtube ""Chuyện Trang kể"" đã giới thiệu mình biết đến 2 quyển này ? ||| sách gói cẩn thận đẹp, mình đọc rất nhiều tác phẩm của Ohso, nên lần này mua hài lòng lắm giao nhanh."
274640001,Từ Thuốc Tới Thiền (Tác giả: Osho),Osho,160000,136000,1,Sách Tôn Giáo - Tâm Linh,0,0.0,320,,https://salt.tikicdn.com/cache/280x280/ts/product/5e/f6/57/691e0567fce2170d7536d690e6cdab9a.png,"Từ Thuốc Tới Thiền 
 “Những hiểu biết sâu sắc này đặc biệt hữu ích cho những ai đang khao khát học hỏi qua trải nghiệm thực tế để khám phá tiềm năng thuần khiết vốn có bên trong mỗi người. Cuốn sách này nên hiện diện trong mọi thư viện và dành cho những ai mong muốn nhận thức rõ hơn về bản thể nội tâm của mình”. – Deepak Chopra, tác giả của Ageless Body, Timeless Mind (tạm dịch Cơ thể không già, Tâm trí phi thời gian). 
 Có hai phương pháp đã được áp dụng để hiểu và chữa căn bệnh mang tên con ng...",
165150427,Combo Osho (Suy Ngẫm Đầu Tiên Vào Buổi Sáng + Suy Ngẫm Cuối Cùng Vào Buổi Tối) - Tái Bản,Thái An,318000,214000,571,Sách tư duy - Kỹ năng sống,65,5.0,856,,https://salt.tikicdn.com/cache/280x280/ts/product/eb/d2/13/578f138f1417cc44069421f0b557b70c.jpg,"1. Osho - Suy Ngẫm Đầu Tiên Vào Buổi Sáng (365 Khoảnh Khắc Thăng Hoa Cho Ngày Mới Tỉnh Thức)   
 ""Mỗi ngày của bạn bắt đầu bằng việc xem tin tức và kiểm tra email – và chắc hẳn bạn cũng đồng tình với tôi rằng đây không phải là cách khởi đầu đầy cảm hứng. Suy ngẫm đầu tiên vào buổi sáng là những phát biểu của Osho về nhiều chủ đề khác nhau, được tuyển chọn đặc biệt cho độc giả đọc vào buổi sáng, sau khi thức giấc. Cuốn sách sẽ cho bạn một cách khác để bắt đầu ngày mới với một chút hương vị thiền ...","- Đóng gói cẩn thận. 
- Giao hàng nhanh. 
- Bề ngoài sách đẹp và bắt mắt ||| Mình thanh lí lại 1/2 giá cho các bạn yêu sách đang tìm hiểu về đạo ạ. Đỡ được nhiều chi phí ạ
Vui long liên hệ: *** Hảo ||| Đọc không hợp khẩu vị, nói dong dài nhưng chỉ quanh quẩn vài nội dung trong đó, k phải là những câu chuyện kể hay, câu truyện hài hước mà dễ hiểu như quyển trò truyện cùng vĩ nhân, ngộ đạo"
165150427,Combo Osho (Suy Ngẫm Đầu Tiên Vào Buổi Sáng + Suy Ngẫm Cuối Cùng Vào Buổi Tối) - Tái Bản,Thái An,318000,214000,571,Sách tư duy - Kỹ năng sống,65,5.0,856,,https://salt.tikicdn.com/cache/280x280/ts/product/eb/d2/13/578f138f1417cc44069421f0b557b70c.jpg,"1. Osho - Suy Ngẫm Đầu Tiên Vào Buổi Sáng (365 Khoảnh Khắc Thăng Hoa Cho Ngày Mới Tỉnh Thức)   
 ""Mỗi ngày của bạn bắt đầu bằng việc xem tin tức và kiểm tra email – và chắc hẳn bạn cũng đồng tình với tôi rằng đây không phải là cách khởi đầu đầy cảm hứng. Suy ngẫm đầu tiên vào buổi sáng là những phát biểu của Osho về nhiều chủ đề khác nhau, được tuyển chọn đặc biệt cho độc giả đọc vào buổi sáng, sau khi thức giấc. Cuốn sách sẽ cho bạn một cách khác để bắt đầu ngày mới với một chút hương vị thiền ...","- Đóng gói cẩn thận. 
- Giao hàng nhanh. 
- Bề ngoài sách đẹp và bắt mắt ||| Mình thanh lí lại 1/2 giá cho các bạn yêu sách đang tìm hiểu về đạo ạ. Đỡ được nhiều chi phí ạ
Vui long liên hệ: *** Hảo ||| Đọc không hợp khẩu vị, nói dong dài nhưng chỉ quanh quẩn vài nội dung trong đó, k phải là những câu chuyện kể hay, câu truyện hài hước mà dễ hiểu như quyển trò truyện cùng vĩ nhân, ngộ đạo"
220666221,Sách Mong Trái Tim Bạn Sẽ Bình Yên Trở Lại,Jeong Youngwook,90000,59000,92,Nhà Sách Tiki,6,5.0,220,,https://salt.tikicdn.com/cache/280x280/ts/product/66/9e/33/fc73ed56e715b84b922160aaca3b98be.png,"Gửi bạn, người đang nỗ lực quên đi một người! 
 Khi mới chia tay, chúng ta thường không dám nhìn thẳng vào sự thật rằng người đó đã không còn thuộc về bạn. Hãy dũng cảm mà đối diện với thực tại, đừng cố gắng tỏ ra rằng bạn ổn. Nếu cảm thấy buồn hay muốn khóc, hãy cứ thành thật với cảm xúc của chính mình. 
 Khi gặp thất bại, chúng ta thường xem nó là một điều tồi tệ. Lòng bạn trở nên bất an. Sự yếu đuối khiến bạn bật khóc. Vậy thì cứ khóc đi. 
 Nhưng bạn hãy nhớ rằng chẳng có ai sống trên đời mà ...","Đoạn đầu hơi hơi u ám nhưng đoạn sau thì hay ạ, chung quy là một cuốn sách đáng để đọc ||| Nội dung hấp dẫn lôi cuốn in ấn rõ nét màu sắc đẹp Đc tặng bookmark"
104611536,Sách Ngẫm - Việt An Khương,,80000,49000,289,Sách tiếng Việt,0,0.0,146,,https://salt.tikicdn.com/cache/280x280/ts/product/be/23/a3/b618718c0860a593fa9f6671acace6b0.jpg,"Ngẫm - Việt An Khương 
 Ngẫm, chứa đựng nhiều điều, từ các câu chuyện mang tính hiếu kì đến những con người thật trong đời sống hằng ngày. Có lúc trực giác mách bảo cho tôi biết, đôi khi tôi phải suy nghĩ rất nhiều thì mới thông suốt, thấu hiểu. Mỗi bài được ghi chép ở những thời điểm khác nhau, nhưng chúng được tôi diễn lại, ngẫm lại trong một thời gian gần nhất. Dựa vào sự hiểu biết, trên cái nền ảnh cũ, tôi đã tái hiện nội dung, ý nghĩa của mỗi chuyện theo cái nhìn phổ cập, mang tính thời đại...","Một quyển sách rất hay! Với những triết lý nhẹ nhàng và sâu lắng, giúp cho người đọc có cái nhìn đa chiều hơn về cuộc sống này! ||| Ruột sách là giấy đen thô, rất không đẹp mắt."
190592937,Combo: Hãy Khiến Tương Lai Biết Ơn Vì Hiện Tại Bạn Đã Cố Gắng Hết Mình + Ổn Định Hay Tự Do,Nhiều tác giả,228000,228000,0,Sách tư duy - Kỹ năng sống,0,0.0,0,,https://salt.tikicdn.com/cache/280x280/ts/product/16/ba/10/c99660dded0c8380cc3b9b4315ebd41a.jpg,"Combo: Hãy Khiến Tương Lai Biết Ơn Vì Hiện Tại Bạn Đã Cố Gắng Hết Mình + Ổn Định Hay Tự Do  
 Cuốn sách dành cho những bạn trẻ chênh vênh và đầy hoang mang nhưng không ngừng theo đuổi sự nỗ lực 
 Từng được đón đọc bởi 1 triệu độc giả khắp Trung Quốc, 4 chương sách tổng hợp 50 lời khuyên chất lượng nhất dành cho thế hệ trẻ: Với sự nghiệp: Bạn hiểu rằng không ai cả đời thuận buồm xuôi gió, mỗi người ít nhiều đều gặp phải khó khăn trắc trở, việc bạn cần làm - là không đổ lỗi cho ngoại cảnh mà âm th...",
276918163,Sách - Ngày Hôm Nay Hãy Sống Thật Với Trái Tim Mình - AZ Việt Nam,,109000,109000,0,Sách văn học,0,0.0,0,,https://salt.tikicdn.com/cache/280x280/ts/product/e2/59/19/879fa7918814624663d39371e6f2c882.jpg,"Ngày Hôm Nay Hãy Sống Thật Với Trái Tim Mình 
 Tác giả Yataro Matsuura 
 Dịch giả Millie 
 Thể loại Truyền cảm hứng 
 Kích thước 13x19cm 
 Nhà xuất bản Dân Trí 
 Thương hiệu Bloom Books 
 Giá bìa 109.000 VNĐ 
 Mã code 8935325022272 
 Mã ISBN 978-604-40-4021-9 
 Loại bìa Bìa mềm 
 Số trang 224 trang 
 Ngày phát hành 28/08/2024 
 * * * 
 Giới thiệu sách: 
 Bạn có muốn mỗi ngày của mình trở nên ý nghĩa hơn không? Chỉ cần một chút thay đổi nhỏ, cuộc sống hàng ngày của bạn sẽ trở nên đặc biệt. Trong ...",
